Workbook

Sheet raw_data
A1: Vendor_ID | B1: Vendor_Name | C1: Category | D1: Country | E1: Region | F1: Status | G1: Onboarding_Date | H1: Last_Updated | I1: Contact_Email | J1: Account_Code | K1: Data_Source | L1: Verified_By | M1: Record_Status
A2: VND-0789 | B2: Vendor Zeta 901 | C2: Marketing | D2: Canada | E2: AMER | F2: Active | G2: 43604 | H2: 43744 | I2: vendor.zeta.901@gmail.com | J2: ACC-9055 | K2: Legacy System | M2: Clean
A3: VND-0441 | B3: Vendor Epsilon 150 | C3: Marketing | D3: India | E3: APAC | F3: Active | G3: 44674 | H3: 44778 | I3: vendor.epsilon.150@corp.net | J3: ACC-1529 | K3: Manual Entry | L3: James T. | M3: Clean
A4: VND-0140 | B4: Vendor Omega 114 | C4: Finance | D4: Singapore | E4: APAC | F4: Active | G4: 45459 | H4: 45728 | I4: vendor.omega.114@outlook.com | J4: ACC-1744 | K4: Oracle | L4: James T. | M4: Clean
A5: VND-0696 | B5: Vendor Prime 56 | C5: HR | D5: USA | E5: AMER | F5: Active | G5: 45329 | H5: 45420 | I5: vendor.prime.56@vendor.com | J5: ACC-7119 | K5: Oracle | L5: James T. | M5: Clean
A6: VND-0067 | B6: Vendor Zeta 71 | C6: Operations | D6: Singapore | E6: APAC | F6: Active | G6: 45186 | H6: 45436 | I6: vendor.zeta.71@gmail.com | J6: ACC-8102 | K6: Manual Entry | M6: Clean
A7: VND-0853 | B7: Vendor Beta 524 | C7: Operations | D7: UK | E7: EMEA | F7: Active | G7: 44121 | H7: 44132 | I7: vendor.beta.524@gmail.com | J7: ACC-9846 | K7: Manual Entry | L7: Ravi K. | M7: Clean
A8: VND-0406 | B8: Vendor Services 899 | C8: Finance | D8: UK | E8: EMEA | F8: Active | G8: 45037 | H8: 45294 | I8: vendor.services.899@corp.net | J8: ACC-6015 | K8: Oracle | L8: Priya S. | M8: Clean
A9: VND-0737 | B9: Vendor Omega 652 | C9: Finance | D9: India | E9: APAC | F9: Active | G9: 45635 | H9: 45962 | I9: vendor.omega.652@gmail.com | J9: ACC-9419 | K9: Oracle | M9: Clean
A10: VND-0458 | B10: Vendor Corp 75 | C10: Finance | D10: Australia | E10: APAC | F10: Active | G10: 44700 | H10: 45010 | I10: vendor.corp.75@gmail.com | J10: ACC-5612 | K10: Legacy System | L10: James T. | M10: Clean
A11: VND-0308 | B11: Vendor Ltd 699 | C11: Marketing | D11: India | E11: EMEA | F11: Active | G11: 45348 | H11: 45356 | I11: vendor.ltd.699@gmail.com | J11: ACC-3588 | K11: Legacy System | L11: James T. | M11: Clean
A12: VND-0440 | B12: Vendor Global 110 | C12: IT | D12: Germany | E12: EMEA | F12: Active | G12: 43697 | H12: 43799 | I12: vendor.global.110@outlook.com | J12: ACC-3636 | K12: Manual Entry | M12: Clean
A13: VND-0068 | B13: Vendor Ltd 849 | C13: it | D13: Singapore | E13: APAC | F13: Active | G13: 44187 | H13: 44454 | I13: vendor.ltd.849@outlook.com | J13: ACC-9817 | K13: Legacy System | L13: James T. | M13: Clean
A14: VND-0651 | B14: Vendor Tech 494 | C14: Legal | D14: India | E14: APAC | F14: Active | G14: 45622 | H14: 45765 | I14: vendor.tech.494@vendor.com | J14: ACC-9469 | K14: SAP | L14: Sarah L. | M14: Clean
A15: VND-0874 | B15: Vendor Corp 541 | C15: Finance | D15: Germany | E15: EMEA | F15: Active | G15: 43935 | H15: 43985 | I15: vendor.corp.541@corp.net | J15: ACC-3755 | K15: Manual Entry | L15: Ravi K. | M15: Clean
A16: VND-0491 | B16: Vendor Gamma 437 | C16: Legal | D16: Australia | E16: APAC | F16: Active | G16: 45200 | H16: 45489 | I16: vendor.gamma.437@outlook.com | J16: ACC-5514 | K16: Legacy System | L16: Ravi K. | M16: Clean
A17: VND-0943 | B17: Vendor Alpha 246 | C17: Marketing | D17: USA | E17: AMER | F17: Active | G17: 44661 | H17: 45002 | I17: vendor.alpha.246@gmail.com | J17: ACC-4559 | K17: Legacy System | L17: James T. | M17: Clean
A18: VND-0077 | B18: Vendor Epsilon 15 | C18: Legal | D18: Australia | E18: APAC | F18: Active | G18: 43652 | H18: 43679 | I18: vendor.epsilon.15@corp.net | J18: ACC-5786 | K18: Oracle | M18: Clean
A19: VND-0434 | B19: Vendor Alpha 544 | C19: Legal | D19: India | E19: APAC | F19: Active | G19: 45238 | H19: 45537 | I19: vendor.alpha.544@vendor.com | J19: ACC-9328 | K19: Oracle | M19: Clean
A20: VND-0533 | B20: Vendor Zeta 194 | C20: HR | D20: Australia | E20: APAC | F20: Active | G20: 44489 | H20: 44572 | I20: vendor.zeta.194@vendor.com | J20: ACC-7199 | K20: Oracle | L20: Anita M. | M20: Clean
A21: VND-0875 | B21: Vendor Gamma 262 | C21: Marketing | D21: India | E21: AMER | F21: Active | G21: 45134 | H21: 45481 | I21: vendor.gamma.262@yahoo.com | J21: ACC-1965 | K21: Manual Entry | L21: Ravi K. | M21: Clean
A22: VND-0724 | B22: Vendor Solutions 565 | C22: IT | D22: UK | E22: EMEA | F22: Active | G22: 44368 | H22: 44596 | I22: vendor.solutions.565@outlook.com | J22: ACC-2515 | K22: Manual Entry | L22: Priya S. | M22: Clean
A23: VND-0667 | B23: Vendor Solutions 125 | C23: Legal | D23: India | E23: APAC | F23: Active | G23: 43998 | H23: 44190 | I23: vendor.solutions.125@corp.net | J23: ACC-4027 | K23: SAP | M23: Clean
A24: VND-0602 | B24: Vendor Group 730 | C24: IT | D24: Germany | E24: EMEA | F24: Active | G24: 44270 | H24: 45440 | I24: vendor.group.730@yahoo.com | J24: ACC-2926 | K24: Oracle | L24: Ravi K. | M24: Clean
A25: VND-0704 | B25: Vendor Solutions 93 | C25: IT | D25: Germany | E25: EMEA | F25: Active | G25: 44128 | H25: 44488 | I25: vendor.solutions.93@vendor.com | J25: ACC-1399 | K25: Legacy System | L25: James T. | M25: Clean
A26: VND-0866 | B26: Vendor Corp 758 | C26: HR | D26: India | E26: APAC | F26: Active | G26: 44894 | H26: 44928 | I26: vendor.corp.758@gmail.com | J26: ACC-7841 | K26: Legacy System | L26: Sarah L. | M26: Clean
A27: VND-0912 | B27: Vendor Tech 935 | C27: Marketing | D27: UK | E27: EMEA | F27: Active | G27: 43587 | H27: 43688 | I27: vendor.tech.935@yahoo.com | J27: ACC-5654 | K27: Oracle | L27: Ravi K. | M27: Clean
A28: VND-0360 | B28: Vendor Solutions 604 | C28: Marketing | D28: USA | E28: AMER | F28: Active | G28: 44672 | H28: 44737 | I28: vendor.solutions.604@yahoo.com | J28: ACC-1029 | K28: Legacy System | L28: Sarah L. | M28: Clean
A29: VND-0315 | B29: Vendor Delta 644 | C29: Legal | D29: USA | E29: AMER | F29: Under Review | G29: 45278 | H29: 45389 | I29: vendor.delta.644@gmail.com | J29: ACC-2646 | K29: Oracle | L29: Priya S. | M29: Clean
A30: VND-0763 | B30: Vendor Omega 138 | C30: Finance | D30: Singapore | E30: APAC | F30: Active | G30: 43914 | H30: 44205 | I30: vendor.omega.138@vendor.com | J30: ACC-9837 | K30: Legacy System | L30: James T. | M30: Clean
A31: VND-0862 | B31: Vendor Prime 133 | C31: Legal | D31: Australia | E31: APAC | F31: Inactive | G31: 43949 | H31: 44304 | I31: vendor.prime.133@yahoo.com | J31: ACC-8461 | K31: Legacy System | L31: Priya S. | M31: Clean
A32: VND-0024 | B32: Vendor Ltd 772 | C32: Marketing | D32: USA | E32: AMER | F32: Active | G32: 45455 | H32: 45701 | I32: vendor.ltd.772@yahoo.com | J32: ACC-7570 | K32: SAP | L32: Ravi K. | M32: Clean
A33: VND-0031 | B33: Vendor Delta 519 | C33: Finance | D33: USA | E33: AMER | F33: Under Review | G33: 43747 | H33: 43872 | I33: vendor.delta.519@outlook.com | J33: ACC-5669 | K33: Oracle | L33: James T. | M33: Clean
A34: VND-0539 | B34: Vendor Alpha 273 | C34: Marketing | D34: Germany | E34: EMEA | F34: Active | G34: 45391 | H34: 45483 | I34: vendor.alpha.273@yahoo.com | J34: ACC-5097 | K34: Legacy System | L34: Priya S. | M34: Clean
A35: VND-0534 | B35: Vendor Beta 433 | C35: Legal | D35: USA | E35: AMER | F35: Active | G35: 44579 | H35: 44724 | I35: noatsign.com | J35: ACC-5404 | K35: Legacy System | L35: Ravi K. | M35: Clean
A36: VND-0219 | B36: Vendor Solutions 790 | C36: Logistics | D36: India | E36: APAC | F36: Under Review | G36: 44112 | H36: 44320 | J36: ACC-8822 | K36: Oracle | L36: Anita M. | M36: Clean
A37: VND-0443 | B37: Vendor Group 816 | C37: Marketing | D37: Singapore | E37: APAC | F37: Active | G37: 43658 | H37: 43853 | I37: vendor.group.816@vendor.com | J37: ACC-7825 | K37: Manual Entry | L37: Sarah L. | M37: Clean
A38: VND-0089 | B38: Vendor Tech 447 | C38: Legal | D38: Canada | E38: AMER | F38: Active | G38: 43839 | H38: 44079 | I38: vendor.tech.447@outlook.com | J38: ACC-7690 | K38: Manual Entry | L38: Anita M. | M38: Clean
A39: VND-0319 | B39: Vendor Solutions 609 | C39: IT | D39: Australia | E39: APAC | F39: Inactive | G39: 43515 | H39: 43699 | I39: vendor.solutions.609@outlook.com | J39: ACC-3162 | K39: Legacy System | L39: Sarah L. | M39: Clean
A40: VND-0540 | B40: Vendor Beta 998 | C40: Marketing | D40: Singapore | E40: APAC | F40: Active | G40: 45280 | H40: 45406 | I40: vendor.beta.998@gmail.com | J40: ACC-4263 | K40: Legacy System | M40: Clean
A41: VND-0709 | B41: Vendor Zeta 245 | C41: Operations | D41: India | E41: APAC | F41: Active | G41: 44325 | H41: 44440 | I41: vendor.zeta.245@outlook.com | J41: ACC-6778 | K41: Manual Entry | L41: Sarah L. | M41: Clean
A42: VND-0589 | B42: Vendor Prime 764 | C42: Marketing | D42: Singapore | E42: APAC | F42: Under Review | G42: 44587 | H42: 44664 | I42: vendor.prime.764@yahoo.com | J42: ACC-2749 | K42: Oracle | L42: Ravi K. | M42: Clean
A43: VND-0842 | B43: Vendor Corp 774 | C43: IT | D43: India | E43: APAC | F43: Inactive | G43: 43883 | H43: 44170 | I43: vendor.corp.774@gmail.com | J43: ACC-9311 | K43: SAP | L43: Ravi K. | M43: Clean
A44: VND-0545 | B44: Vendor Delta 162 | C44: HR | D44: India | E44: APAC | F44: Active | G44: 44852 | H44: 45172 | I44: vendor.delta.162@gmail.com | J44: ACC-1979 | K44: Manual Entry | M44: Clean
A45: VND-0216 | B45: Vendor Group 824 | C45: Logistics | D45: UK | E45: EMEA | F45: Active | G45: 43789 | H45: 43966 | I45: vendor.group.824@vendor.com | J45: ACC-5201 | K45: Legacy System | L45: Ravi K. | M45: Clean
A46: VND-0108 | B46: Vendor Omega 707 | C46: Finance | D46: Germany | E46: EMEA | F46: Inactive | G46: 44281 | H46: 44477 | I46: vendor.omega.707@vendor.com | J46: ACC-2747 | K46: Oracle | L46: James T. | M46: Clean
A47: VND-0775 | B47: Vendor Solutions 721 | C47: Operations | D47: Canada | E47: AMER | F47: Active | G47: 45510 | H47: 45619 | I47: vendor.solutions.721@vendor.com | J47: ACC-5389 | K47: Legacy System | L47: Sarah L. | M47: Clean
A48: VND-0446 | B48: Vendor Alpha 439 | C48: Finance | D48: Australia | E48: APAC | F48: Active | G48: 44125 | H48: 44424 | I48: vendor.alpha.439@outlook.com | J48: ACC-1092 | K48: Manual Entry | L48: James T. | M48: Clean
A49: VND-0281 | B49: Vendor Solutions 681 | C49: Finance | D49: USA | E49: AMER | F49: Active | G49: 43647 | H49: 43935 | I49: vendor.solutions.681@vendor.com | J49: ACC-6432 | K49: Legacy System | L49: Priya S. | M49: Clean
A50: VND-0372 | B50: Vendor Global 397 | C50: Logistics | D50: UK | E50: EMEA | F50: Inactive | G50: 44979 | H50: 45074 | I50: vendor.global.397@vendor.com | J50: ACC-1731 | K50: Manual Entry | L50: James T. | M50: Clean
A51: VND-0328 | B51: Vendor Global 369 | C51: IT | D51: Germany | E51: EMEA | F51: Inactive | G51: 44149 | H51: 44337 | I51: vendor.global.369@yahoo.com | J51: ACC-5179 | K51: SAP | L51: Sarah L. | M51: Clean
A52: VND-0232 | B52: Vendor Prime 829 | C52: IT | D52: Germany | E52: EMEA | F52: Active | G52: 45167 | H52: 45400 | I52: vendor.prime.829@corp.net | J52: ACC-1945 | K52: Legacy System | M52: Clean
A53: VND-0693 | B53: Vendor Alpha 948 | C53: Operations | D53: USA | E53: AMER | F53: Active | G53: 43585 | H53: 43833 | I53: vendor.alpha.948@corp.net | J53: ACC-2901 | K53: SAP | L53: Ravi K. | M53: Clean
A54: VND-0040 | B54: Vendor Corp 482 | C54: Logistics | D54: USA | E54: AMER | F54: Inactive | G54: 45351 | H54: 45530 | I54: vendor.corp.482@outlook.com | J54: ACC-4728 | K54: Oracle | L54: Priya S. | M54: Clean
A55: VND-0755 | B55: Vendor Prime 536 | C55: Legal | D55: Singapore | E55: APAC | F55: Active | G55: 44053 | H55: 44255 | I55: vendor.prime.536@vendor.com | J55: ACC-2666 | K55: Oracle | L55: Priya S. | M55: Clean
A56: VND-0311 | B56: Vendor Solutions 94 | C56: Legal | D56: India | E56: APAC | F56: Active | G56: 45419 | H56: 45458 | I56: vendor.solutions.94@yahoo.com | J56: ACC-4705 | K56: Legacy System | L56: Priya S. | M56: Clean
A57: VND-0262 | B57: Vendor Ltd 44 | C57: Logistics | D57: USA | F57: Under Review | G57: 45413 | H57: 45551 | I57: vendor.ltd.44@gmail.com | J57: ACC-2218 | K57: Manual Entry | L57: Sarah L. | M57: Clean
A58: VND-0592 | B58: Vendor Prime 141 | C58: Logistics | D58: USA | E58: AMER | F58: Active | G58: 45139 | H58: 45146 | I58: vendor.prime.141@outlook.com | J58: ACC-7767 | K58: Oracle | M58: Clean
A59: VND-0060 | B59: Vendor Tech 578 | C59: Legal | D59: India | E59: APAC | F59: Active | G59: 45221 | H59: 45290 | I59: vendor.tech.578@vendor.com | J59: ACC-3977 | K59: SAP | L59: Anita M. | M59: Clean
A60: VND-0568 | B60: Vendor Epsilon 537 | C60: IT | D60: UK | E60: EMEA | F60: Active | G60: 44078 | H60: 44245 | I60: vendor.epsilon.537@corp.net | J60: ACC-4617 | K60: Oracle | L60: Priya S. | M60: Clean
A61: VND-0137 | B61: Vendor Services 649 | C61: IT | D61: India | E61: APAC | F61: Inactive | G61: 44347 | H61: 44539 | I61: vendor.services.649@vendor.com | J61: ACC-8432 | K61: Manual Entry | L61: Ravi K. | M61: Clean
A62: VND-0097 | B62: Vendor Epsilon 841 | C62: IT | D62: UK | E62: EMEA | F62: Inactive | G62: 45471 | H62: 45547 | I62: vendor.epsilon.841@vendor.com | J62: ACC-9824 | K62: Legacy System | L62: Anita M. | M62: Clean
A63: VND-0297 | B63: Vendor Group 469 | C63: Operations | D63: Singapore | E63: APAC | F63: Inactive | G63: 45494 | H63: 45775 | I63: vendor.group.469@corp.net | J63: ACC-2854 | K63: SAP | L63: Anita M. | M63: Clean
A64: VND-0920 | B64: Vendor Prime 184 | C64: Finance | D64: Singapore | E64: APAC | F64: Active | G64: 45445 | H64: 45698 | I64: vendor.prime.184@vendor.com | J64: ACC-5396 | K64: Legacy System | M64: Clean
A65: VND-0433 | B65: Vendor Corp 689 | C65: Operations | D65: India | E65: APAC | F65: Inactive | G65: 45311 | H65: 45545 | I65: vendor.corp.689@corp.net | K65: Oracle | L65: James T. | M65: Clean
A66: VND-0260 | B66: Vendor Corp 869 | C66: IT | D66: Singapore | E66: APAC | F66: Under Review | G66: 43595 | H66: 43642 | I66: vendor.corp.869@vendor.com | J66: ACC-7213 | K66: Legacy System | L66: Sarah L. | M66: Clean
A67: VND-0759 | B67: Vendor Beta 756 | C67: IT | D67: Canada | E67: AMER | F67: Active | G67: 43575 | H67: 43666 | I67: vendor.beta.756@vendor.com | J67: ACC-6356 | K67: Oracle | L67: Anita M. | M67: Clean
A68: VND-0786 | B68: Vendor Prime 733 | C68: Finance | D68: Canada | E68: AMER | F68: under review | G68: 43608 | H68: 43947 | I68: vendor.prime.733@gmail.com | J68: ACC-4926 | K68: Manual Entry | L68: Sarah L. | M68: Clean
A69: VND-0071 | B69: Vendor Group 265 | C69: Finance | D69: UK | E69: EMEA | F69: Inactive | G69: 44597 | H69: 44881 | I69: vendor.group.265@gmail.com | J69: ACC-9464 | K69: Oracle | L69: Priya S. | M69: Clean
A70: VND-0722 | B70: Vendor Gamma 5 | C70: Legal | D70: Australia | E70: APAC | F70: Under Review | G70: 2023.06.15 | H70: 45153 | I70: vendor.gamma.5@outlook.com | J70: ACC-8764 | K70: Manual Entry | L70: Sarah L. | M70: Clean
A71: VND-0310 | B71: Vendor Solutions 370 | C71: Finance | D71: India | E71: APAC | F71: Active | G71: 44143 | H71: 44169 | I71: vendor.solutions.370@vendor.com | J71: ACC-6005 | K71: Oracle | L71: James T. | M71: Clean
A72: VND-0586 | B72: Vendor Ltd 620 | C72: Finance | D72: Germany | E72: EMEA | F72: Active | G72: 44312 | H72: 44646 | I72: vendor.ltd.620@yahoo.com | J72: ACC-9869 | K72: Oracle | L72: Ravi K. | M72: Clean
A73: VND-0278 | B73: Vendor Delta 449 | C73: Marketing | D73: UK | E73: EMEA | F73: Inactive | G73: 43749 | H73: 43958 | I73: vendor.delta.449@vendor.com | J73: ACC-3280 | K73: Manual Entry | L73: Ravi K. | M73: Clean
A74: VND-0685 | B74: Vendor Beta 281 | C74: Logistics | D74: Canada | E74: AMER | F74: Active | G74: 44981 | H74: 45264 | I74: vendor.beta.281@yahoo.com | J74: ACC-8187 | K74: Oracle | L74: Sarah L. | M74: Clean
A75: VND-0689 | B75: Vendor Beta 643 | C75: Marketing | D75: Canada | E75: AMER | F75: Active | G75: 45181 | H75: 45183 | I75: vendor.beta.643@corp.net | J75: ACC-4860 | K75: Oracle | L75: Priya S. | M75: Clean
A76: VND-0169 | B76: Vendor Alpha 263 | C76: Logistics | D76: Canada | E76: AMER | F76: Active | G76: 45627 | H76: 45843 | I76: vendor.alpha.263@gmail.com | J76: ACC-5720 | K76: Oracle | L76: Anita M. | M76: Clean
A77: VND-0064 | B77: Vendor Epsilon 786 | C77: Finance | D77: USA | E77: AMER | F77: Active | G77: 43935 | H77: 44018 | I77: vendor.epsilon.786@outlook.com | J77: ACC-2771 | K77: SAP | L77: Anita M. | M77: Clean
A78: VND-0810 | B78: Vendor Zeta 96 | C78: Logistics | D78: Canada | E78: AMER | F78: Active | G78: 44155 | H78: 44415 | I78: vendor.zeta.96@outlook.com | J78: ACC-4479 | K78: SAP | L78: Sarah L. | M78: Clean
A79: VND-0175 | B79: Vendor Gamma 851 | C79: Marketing | D79: Singapore | E79: APAC | F79: Active | G79: 45426 | H79: 45749 | I79: vendor.gamma.851@yahoo.com | J79: ACC-3209 | K79: SAP | M79: Clean
A80: VND-0591 | B80: Vendor Beta 705 | C80: Marketing | D80: Germany | E80: EMEA | F80: Active | G80: 45386 | H80: 45750 | I80: vendor.beta.705@outlook.com | J80: ACC-4014 | K80: Legacy System | L80: James T. | M80: Clean
A81: VND-0630 | B81: Vendor Gamma 30 | C81: HR | D81: Singapore | E81: APAC | F81: Active | G81: 45037 | H81: 45064 | I81: vendor.gamma.30@gmail.com | J81: ACC-7987 | K81: Legacy System | L81: Ravi K. | M81: Clean
A82: VND-0821 | B82: Vendor Solutions 925 | C82: Finance | D82: Canada | E82: AMER | F82: Active | G82: 45217 | H82: 45368 | I82: vendor.solutions.925@corp.net | J82: ACC-1781 | K82: SAP | L82: Priya S. | M82: Clean
A83: VND-0760 | B83: Vendor Tech 639 | C83: IT | D83: Canada | E83: AMER | F83: Active | G83: 2023.06.15 | H83: 45847 | I83: vendor.tech.639@vendor.com | J83: ACC-4308 | K83: Manual Entry | M83: Clean
A84: VND-0801 | B84: Vendor Solutions 663 | C84: HR | D84: India | E84: APAC | F84: Active | G84: 44011 | H84: 44176 | I84: vendor.solutions.663@vendor.com | K84: Legacy System | M84: Clean
A85: VND-0804 | B85: Vendor Omega 688 | C85: Finance | D85: USA | E85: AMER | F85: Under Review | G85: 43634 | H85: 43931 | I85: vendor.omega.688@yahoo.com | J85: ACC-5264 | K85: Oracle | L85: Sarah L. | M85: Clean
A86: VND-0661 | B86: Vendor Group 945 | C86: Operations | D86: USA | E86: AMER | F86: Active | G86: 45063 | H86: 45305 | I86: vendor.group.945@outlook.com | J86: ACC-3378 | K86: Legacy System | L86: Priya S. | M86: Clean
A87: VND-0849 | B87: Vendor Omega 63 | C87: HR | D87: Canada | E87: AMER | F87: Active | G87: 44084 | H87: 44378 | I87: vendor.omega.63@gmail.com | J87: ACC-9516 | K87: Manual Entry | L87: James T. | M87: Clean
A88: VND-0678 | B88: Vendor Prime 753 | C88: Logistics | D88: USA | E88: AMER | F88: Active | G88: 43569 | H88: 43872 | I88: vendor.prime.753@yahoo.com | J88: ACC-9015 | K88: Legacy System | L88: Priya S. | M88: Clean
A89: VND-0015 | B89: Vendor Zeta 501 | C89: IT | D89: India | E89: APAC | F89: Under Review | G89: 44725 | H89: 44847 | I89: vendor.zeta.501@gmail.com | J89: ACC-4946 | K89: SAP | L89: Priya S. | M89: Clean
A90: VND-0313 | B90: Vendor Omega 92 | C90: Legal | D90: Canada | E90: AMER | F90: Active | G90: 44749 | H90: 44937 | I90: vendor.omega.92@outlook.com | J90: ACC-3246 | K90: Legacy System | L90: Ravi K. | M90: Clean
A91: VND-0087 | B91: Vendor Tech 41 | C91: HR | D91: Singapore | E91: APAC | F91: Active | G91: 44491 | H91: 44504 | I91: vendor.tech.41@gmail.com | J91: ACC-4750 | K91: SAP | M91: Clean
A92: VND-0276 | B92: Vendor Epsilon 753 | C92: Legal | D92: Singapore | E92: APAC | F92: Active | G92: 44458 | H92: 44624 | I92: vendor.epsilon.753@vendor.com | J92: ACC-5592 | K92: Legacy System | L92: Anita M. | M92: Clean
A93: VND-0598 | B93: Vendor Prime 93 | C93: Legal | D93: Australia | E93: APAC | F93: Active | G93: 44020 | H93: 44221 | I93: vendor.prime.93@vendor.com | J93: ACC-6299 | K93: Legacy System | L93: Priya S. | M93: Clean
A94: VND-0293 | B94: Vendor Omega 434 | C94: Logistics | D94: Germany | E94: EMEA | F94: Active | G94: 44175 | H94: 44459 | I94: vendor.omega.434@yahoo.com | J94: ACC-9022 | K94: Manual Entry | L94: Ravi K. | M94: Clean
A95: VND-0211 | B95: Vendor Alpha 452 | C95: Finance | D95: Germany | E95: EMEA | F95: Active | G95: 44301 | H95: 44511 | I95: @gmail.com | J95: ACC-8726 | K95: SAP | M95: Clean
A96: VND-0752 | B96: Vendor Group 370 | C96: Legal | D96: UK | E96: EMEA | F96: Active | G96: 43632 | H96: 43674 | I96: vendor.group.370@outlook.com | J96: ACC-9088 | K96: SAP | L96: James T. | M96: Clean
A97: VND-0487 | B97: Vendor Solutions 442 | C97: Operations | D97: Germany | E97: EMEA | F97: Active | G97: 43643 | H97: 44000 | I97: vendor.solutions.442@corp.net | J97: ACC-8028 | K97: Oracle | L97: James T. | M97: Clean
A98: VND-0363 | B98: Vendor Epsilon 215 | C98: Logistics | D98: Singapore | E98: APAC | F98: Active | G98: 44517 | H98: 44572 | I98: vendor.epsilon.215@gmail.com | J98: ACC-1788 | K98: Legacy System | L98: James T. | M98: Clean
A99: VND-0352 | B99: Vendor Alpha 829 | C99: HR | D99: Australia | E99: APAC | F99: Active | G99: 44419 | H99: 44500 | I99: vendor.alpha.829@gmail.com | J99: ACC-5060 | K99: Oracle | L99: Anita M. | M99: Clean
A100: VND-0502 | B100: Vendor Beta 516 | C100: Finance | D100: UK | E100: EMEA | F100: Under Review | G100: 45568 | H100: 45699 | I100: vendor.beta.516@corp.net | J100: ACC-5098 | K100: Legacy System | L100: James T. | M100: Clean
...

Sheet validated_data
A1: Vendor_ID | B1: Vendor_Name | C1: Category | D1: Country | E1: Region | F1: Status | G1: Onboarding_Date | H1: Last_Updated | I1: Contact_Email | J1: Account_Code | K1: Data_Source | L1: Verified_By | M1: Record_Status | N1: Validation_Status | O1: Issues_Found | P1: Action_Taken | Q1: email_valid
A2: VND-0789 | B2: Vendor Zeta 901 | C2: Marketing | D2: Canada | E2: AMER | F2: Active | G2: 43604 | H2: 43744 | I2: vendor.zeta.901@gmail.com | J2: ACC-9055 | K2: Legacy System | M2: Flagged for Review | N2: =IF(OR(B2="",H2="",I2="",J2="",L2="",Q2="Invalid"),"Flagged","Clean") -> Flagged | O2: =TRIM(IF(B2="","Missing Vendor_Name ","")&IF(I2="","Missing Contact_Email ","")&IF(J2="","Missing Account_Code ","")&IF(L2="","Missing Verified_By ","")&IF(Q2="Invalid","Invalid Email Format ","")&IF(H2="","Missing Last_Updated ","")) -> Missing Verified_By | P2: =IF(N2="Clean","Clean","Flagged for Review") -> Flagged for Review | Q2: =IF(I2="","Blank",IF(ISERROR(FIND("@",I2&"")),"Invalid",IF(FIND("@",I2&"")<2,"Invalid",IF(LEN(I2&"")-FIND("@",I2&"")<4,"Invalid","Valid")))) -> Valid
A3: VND-0441 | B3: Vendor Epsilon 150 | C3: Marketing | D3: India | E3: APAC | F3: Active | G3: 44674 | H3: 44778 | I3: vendor.epsilon.150@corp.net | J3: ACC-1529 | K3: Manual Entry | L3: James T. | M3: Clean | N3: =IF(OR(B3="",H3="",I3="",J3="",L3="",Q3="Invalid"),"Flagged","Clean") -> Clean | O3: =TRIM(IF(B3="","Missing Vendor_Name ","")&IF(I3="","Missing Contact_Email ","")&IF(J3="","Missing Account_Code ","")&IF(L3="","Missing Verified_By ","")&IF(Q3="Invalid","Invalid Email Format ","")&IF(H3="","Missing Last_Updated ","")) | P3: =IF(N3="Clean","Clean","Flagged for Review") -> Clean | Q3: =IF(I3="","Blank",IF(ISERROR(FIND("@",I3&"")),"Invalid",IF(FIND("@",I3&"")<2,"Invalid",IF(LEN(I3&"")-FIND("@",I3&"")<4,"Invalid","Valid")))) -> Valid
A4: VND-0140 | B4: Vendor Omega 114 | C4: Finance | D4: Singapore | E4: APAC | F4: Active | G4: 45459 | H4: 45728 | I4: vendor.omega.114@outlook.com | J4: ACC-1744 | K4: Oracle | L4: James T. | M4: Clean | N4: =IF(OR(B4="",H4="",I4="",J4="",L4="",Q4="Invalid"),"Flagged","Clean") -> Clean | O4: =TRIM(IF(B4="","Missing Vendor_Name ","")&IF(I4="","Missing Contact_Email ","")&IF(J4="","Missing Account_Code ","")&IF(L4="","Missing Verified_By ","")&IF(Q4="Invalid","Invalid Email Format ","")&IF(H4="","Missing Last_Updated ","")) | P4: =IF(N4="Clean","Clean","Flagged for Review") -> Clean | Q4: =IF(I4="","Blank",IF(ISERROR(FIND("@",I4&"")),"Invalid",IF(FIND("@",I4&"")<2,"Invalid",IF(LEN(I4&"")-FIND("@",I4&"")<4,"Invalid","Valid")))) -> Valid
A5: VND-0696 | B5: Vendor Prime 56 | C5: HR | D5: USA | E5: AMER | F5: Active | G5: 45329 | H5: 45420 | I5: vendor.prime.56@vendor.com | J5: ACC-7119 | K5: Oracle | L5: James T. | M5: Clean | N5: =IF(OR(B5="",H5="",I5="",J5="",L5="",Q5="Invalid"),"Flagged","Clean") -> Clean | O5: =TRIM(IF(B5="","Missing Vendor_Name ","")&IF(I5="","Missing Contact_Email ","")&IF(J5="","Missing Account_Code ","")&IF(L5="","Missing Verified_By ","")&IF(Q5="Invalid","Invalid Email Format ","")&IF(H5="","Missing Last_Updated ","")) | P5: =IF(N5="Clean","Clean","Flagged for Review") -> Clean | Q5: =IF(I5="","Blank",IF(ISERROR(FIND("@",I5&"")),"Invalid",IF(FIND("@",I5&"")<2,"Invalid",IF(LEN(I5&"")-FIND("@",I5&"")<4,"Invalid","Valid")))) -> Valid
A6: VND-0067 | B6: Vendor Zeta 71 | C6: Operations | D6: Singapore | E6: APAC | F6: Active | G6: 45186 | H6: 45436 | I6: vendor.zeta.71@gmail.com | J6: ACC-8102 | K6: Manual Entry | M6: Flagged for Review | N6: =IF(OR(B6="",H6="",I6="",J6="",L6="",Q6="Invalid"),"Flagged","Clean") -> Flagged | O6: =TRIM(IF(B6="","Missing Vendor_Name ","")&IF(I6="","Missing Contact_Email ","")&IF(J6="","Missing Account_Code ","")&IF(L6="","Missing Verified_By ","")&IF(Q6="Invalid","Invalid Email Format ","")&IF(H6="","Missing Last_Updated ","")) -> Missing Verified_By | P6: =IF(N6="Clean","Clean","Flagged for Review") -> Flagged for Review | Q6: =IF(I6="","Blank",IF(ISERROR(FIND("@",I6&"")),"Invalid",IF(FIND("@",I6&"")<2,"Invalid",IF(LEN(I6&"")-FIND("@",I6&"")<4,"Invalid","Valid")))) -> Valid
A7: VND-0853 | B7: Vendor Beta 524 | C7: Operations | D7: UK | E7: EMEA | F7: Active | G7: 44121 | H7: 44132 | I7: vendor.beta.524@gmail.com | J7: ACC-9846 | K7: Manual Entry | L7: Ravi K. | M7: Clean | N7: =IF(OR(B7="",H7="",I7="",J7="",L7="",Q7="Invalid"),"Flagged","Clean") -> Clean | O7: =TRIM(IF(B7="","Missing Vendor_Name ","")&IF(I7="","Missing Contact_Email ","")&IF(J7="","Missing Account_Code ","")&IF(L7="","Missing Verified_By ","")&IF(Q7="Invalid","Invalid Email Format ","")&IF(H7="","Missing Last_Updated ","")) | P7: =IF(N7="Clean","Clean","Flagged for Review") -> Clean | Q7: =IF(I7="","Blank",IF(ISERROR(FIND("@",I7&"")),"Invalid",IF(FIND("@",I7&"")<2,"Invalid",IF(LEN(I7&"")-FIND("@",I7&"")<4,"Invalid","Valid")))) -> Valid
A8: VND-0406 | B8: Vendor Services 899 | C8: Finance | D8: UK | E8: EMEA | F8: Active | G8: 45037 | H8: 45294 | I8: vendor.services.899@corp.net | J8: ACC-6015 | K8: Oracle | L8: Priya S. | M8: Clean | N8: =IF(OR(B8="",H8="",I8="",J8="",L8="",Q8="Invalid"),"Flagged","Clean") -> Clean | O8: =TRIM(IF(B8="","Missing Vendor_Name ","")&IF(I8="","Missing Contact_Email ","")&IF(J8="","Missing Account_Code ","")&IF(L8="","Missing Verified_By ","")&IF(Q8="Invalid","Invalid Email Format ","")&IF(H8="","Missing Last_Updated ","")) | P8: =IF(N8="Clean","Clean","Flagged for Review") -> Clean | Q8: =IF(I8="","Blank",IF(ISERROR(FIND("@",I8&"")),"Invalid",IF(FIND("@",I8&"")<2,"Invalid",IF(LEN(I8&"")-FIND("@",I8&"")<4,"Invalid","Valid")))) -> Valid
A9: VND-0737 | B9: Vendor Omega 652 | C9: Finance | D9: India | E9: APAC | F9: Active | G9: 45635 | H9: 45962 | I9: vendor.omega.652@gmail.com | J9: ACC-9419 | K9: Oracle | M9: Flagged for Review | N9: =IF(OR(B9="",H9="",I9="",J9="",L9="",Q9="Invalid"),"Flagged","Clean") -> Flagged | O9: =TRIM(IF(B9="","Missing Vendor_Name ","")&IF(I9="","Missing Contact_Email ","")&IF(J9="","Missing Account_Code ","")&IF(L9="","Missing Verified_By ","")&IF(Q9="Invalid","Invalid Email Format ","")&IF(H9="","Missing Last_Updated ","")) -> Missing Verified_By | P9: =IF(N9="Clean","Clean","Flagged for Review") -> Flagged for Review | Q9: =IF(I9="","Blank",IF(ISERROR(FIND("@",I9&"")),"Invalid",IF(FIND("@",I9&"")<2,"Invalid",IF(LEN(I9&"")-FIND("@",I9&"")<4,"Invalid","Valid")))) -> Valid
A10: VND-0458 | B10: Vendor Corp 75 | C10: Finance | D10: Australia | E10: APAC | F10: Active | G10: 44700 | H10: 45010 | I10: vendor.corp.75@gmail.com | J10: ACC-5612 | K10: Legacy System | L10: James T. | M10: Clean | N10: =IF(OR(B10="",H10="",I10="",J10="",L10="",Q10="Invalid"),"Flagged","Clean") -> Clean | O10: =TRIM(IF(B10="","Missing Vendor_Name ","")&IF(I10="","Missing Contact_Email ","")&IF(J10="","Missing Account_Code ","")&IF(L10="","Missing Verified_By ","")&IF(Q10="Invalid","Invalid Email Format ","")&IF(H10="","Missing Last_Updated ","")) | P10: =IF(N10="Clean","Clean","Flagged for Review") -> Clean | Q10: =IF(I10="","Blank",IF(ISERROR(FIND("@",I10&"")),"Invalid",IF(FIND("@",I10&"")<2,"Invalid",IF(LEN(I10&"")-FIND("@",I10&"")<4,"Invalid","Valid")))) -> Valid
A11: VND-0308 | B11: Vendor Ltd 699 | C11: Marketing | D11: India | E11: APAC | F11: Active | G11: 45348 | H11: 45356 | I11: vendor.ltd.699@gmail.com | J11: ACC-3588 | K11: Legacy System | L11: James T. | M11: Clean | N11: =IF(OR(B11="",H11="",I11="",J11="",L11="",Q11="Invalid"),"Flagged","Clean") -> Clean | O11: =TRIM(IF(B11="","Missing Vendor_Name ","")&IF(I11="","Missing Contact_Email ","")&IF(J11="","Missing Account_Code ","")&IF(L11="","Missing Verified_By ","")&IF(Q11="Invalid","Invalid Email Format ","")&IF(H11="","Missing Last_Updated ","")) | P11: =IF(N11="Clean","Clean","Flagged for Review") -> Clean | Q11: =IF(I11="","Blank",IF(ISERROR(FIND("@",I11&"")),"Invalid",IF(FIND("@",I11&"")<2,"Invalid",IF(LEN(I11&"")-FIND("@",I11&"")<4,"Invalid","Valid")))) -> Valid
A12: VND-0440 | B12: Vendor Global 110 | C12: IT | D12: Germany | E12: EMEA | F12: Active | G12: 43697 | H12: 43799 | I12: vendor.global.110@outlook.com | J12: ACC-3636 | K12: Manual Entry | M12: Flagged for Review | N12: =IF(OR(B12="",H12="",I12="",J12="",L12="",Q12="Invalid"),"Flagged","Clean") -> Flagged | O12: =TRIM(IF(B12="","Missing Vendor_Name ","")&IF(I12="","Missing Contact_Email ","")&IF(J12="","Missing Account_Code ","")&IF(L12="","Missing Verified_By ","")&IF(Q12="Invalid","Invalid Email Format ","")&IF(H12="","Missing Last_Updated ","")) -> Missing Verified_By | P12: =IF(N12="Clean","Clean","Flagged for Review") -> Flagged for Review | Q12: =IF(I12="","Blank",IF(ISERROR(FIND("@",I12&"")),"Invalid",IF(FIND("@",I12&"")<2,"Invalid",IF(LEN(I12&"")-FIND("@",I12&"")<4,"Invalid","Valid")))) -> Valid
A13: VND-0068 | B13: Vendor Ltd 849 | C13: IT | D13: Singapore | E13: APAC | F13: Active | G13: 44187 | H13: 44454 | I13: vendor.ltd.849@outlook.com | J13: ACC-9817 | K13: Legacy System | L13: James T. | M13: Clean | N13: =IF(OR(B13="",H13="",I13="",J13="",L13="",Q13="Invalid"),"Flagged","Clean") -> Clean | O13: =TRIM(IF(B13="","Missing Vendor_Name ","")&IF(I13="","Missing Contact_Email ","")&IF(J13="","Missing Account_Code ","")&IF(L13="","Missing Verified_By ","")&IF(Q13="Invalid","Invalid Email Format ","")&IF(H13="","Missing Last_Updated ","")) | P13: =IF(N13="Clean","Clean","Flagged for Review") -> Clean | Q13: =IF(I13="","Blank",IF(ISERROR(FIND("@",I13&"")),"Invalid",IF(FIND("@",I13&"")<2,"Invalid",IF(LEN(I13&"")-FIND("@",I13&"")<4,"Invalid","Valid")))) -> Valid
A14: VND-0651 | B14: Vendor Tech 494 | C14: Legal | D14: India | E14: APAC | F14: Active | G14: 45622 | H14: 45765 | I14: vendor.tech.494@vendor.com | J14: ACC-9469 | K14: SAP | L14: Sarah L. | M14: Clean | N14: =IF(OR(B14="",H14="",I14="",J14="",L14="",Q14="Invalid"),"Flagged","Clean") -> Clean | O14: =TRIM(IF(B14="","Missing Vendor_Name ","")&IF(I14="","Missing Contact_Email ","")&IF(J14="","Missing Account_Code ","")&IF(L14="","Missing Verified_By ","")&IF(Q14="Invalid","Invalid Email Format ","")&IF(H14="","Missing Last_Updated ","")) | P14: =IF(N14="Clean","Clean","Flagged for Review") -> Clean | Q14: =IF(I14="","Blank",IF(ISERROR(FIND("@",I14&"")),"Invalid",IF(FIND("@",I14&"")<2,"Invalid",IF(LEN(I14&"")-FIND("@",I14&"")<4,"Invalid","Valid")))) -> Valid
A15: VND-0874 | B15: Vendor Corp 541 | C15: Finance | D15: Germany | E15: EMEA | F15: Active | G15: 43935 | H15: 43985 | I15: vendor.corp.541@corp.net | J15: ACC-3755 | K15: Manual Entry | L15: Ravi K. | M15: Clean | N15: =IF(OR(B15="",H15="",I15="",J15="",L15="",Q15="Invalid"),"Flagged","Clean") -> Clean | O15: =TRIM(IF(B15="","Missing Vendor_Name ","")&IF(I15="","Missing Contact_Email ","")&IF(J15="","Missing Account_Code ","")&IF(L15="","Missing Verified_By ","")&IF(Q15="Invalid","Invalid Email Format ","")&IF(H15="","Missing Last_Updated ","")) | P15: =IF(N15="Clean","Clean","Flagged for Review") -> Clean | Q15: =IF(I15="","Blank",IF(ISERROR(FIND("@",I15&"")),"Invalid",IF(FIND("@",I15&"")<2,"Invalid",IF(LEN(I15&"")-FIND("@",I15&"")<4,"Invalid","Valid")))) -> Valid
A16: VND-0491 | B16: Vendor Gamma 437 | C16: Legal | D16: Australia | E16: APAC | F16: Active | G16: 45200 | H16: 45489 | I16: vendor.gamma.437@outlook.com | J16: ACC-5514 | K16: Legacy System | L16: Ravi K. | M16: Clean | N16: =IF(OR(B16="",H16="",I16="",J16="",L16="",Q16="Invalid"),"Flagged","Clean") -> Clean | O16: =TRIM(IF(B16="","Missing Vendor_Name ","")&IF(I16="","Missing Contact_Email ","")&IF(J16="","Missing Account_Code ","")&IF(L16="","Missing Verified_By ","")&IF(Q16="Invalid","Invalid Email Format ","")&IF(H16="","Missing Last_Updated ","")) | P16: =IF(N16="Clean","Clean","Flagged for Review") -> Clean | Q16: =IF(I16="","Blank",IF(ISERROR(FIND("@",I16&"")),"Invalid",IF(FIND("@",I16&"")<2,"Invalid",IF(LEN(I16&"")-FIND("@",I16&"")<4,"Invalid","Valid")))) -> Valid
A17: VND-0943 | B17: Vendor Alpha 246 | C17: Marketing | D17: USA | E17: AMER | F17: Active | G17: 44661 | H17: 45002 | I17: vendor.alpha.246@gmail.com | J17: ACC-4559 | K17: Legacy System | L17: James T. | M17: Clean | N17: =IF(OR(B17="",H17="",I17="",J17="",L17="",Q17="Invalid"),"Flagged","Clean") -> Clean | O17: =TRIM(IF(B17="","Missing Vendor_Name ","")&IF(I17="","Missing Contact_Email ","")&IF(J17="","Missing Account_Code ","")&IF(L17="","Missing Verified_By ","")&IF(Q17="Invalid","Invalid Email Format ","")&IF(H17="","Missing Last_Updated ","")) | P17: =IF(N17="Clean","Clean","Flagged for Review") -> Clean | Q17: =IF(I17="","Blank",IF(ISERROR(FIND("@",I17&"")),"Invalid",IF(FIND("@",I17&"")<2,"Invalid",IF(LEN(I17&"")-FIND("@",I17&"")<4,"Invalid","Valid")))) -> Valid
A18: VND-0077 | B18: Vendor Epsilon 15 | C18: Legal | D18: Australia | E18: APAC | F18: Active | G18: 43652 | H18: 43679 | I18: vendor.epsilon.15@corp.net | J18: ACC-5786 | K18: Oracle | M18: Flagged for Review | N18: =IF(OR(B18="",H18="",I18="",J18="",L18="",Q18="Invalid"),"Flagged","Clean") -> Flagged | O18: =TRIM(IF(B18="","Missing Vendor_Name ","")&IF(I18="","Missing Contact_Email ","")&IF(J18="","Missing Account_Code ","")&IF(L18="","Missing Verified_By ","")&IF(Q18="Invalid","Invalid Email Format ","")&IF(H18="","Missing Last_Updated ","")) -> Missing Verified_By | P18: =IF(N18="Clean","Clean","Flagged for Review") -> Flagged for Review | Q18: =IF(I18="","Blank",IF(ISERROR(FIND("@",I18&"")),"Invalid",IF(FIND("@",I18&"")<2,"Invalid",IF(LEN(I18&"")-FIND("@",I18&"")<4,"Invalid","Valid")))) -> Valid
A19: VND-0434 | B19: Vendor Alpha 544 | C19: Legal | D19: India | E19: APAC | F19: Active | G19: 45238 | H19: 45537 | I19: vendor.alpha.544@vendor.com | J19: ACC-9328 | K19: Oracle | M19: Flagged for Review | N19: =IF(OR(B19="",H19="",I19="",J19="",L19="",Q19="Invalid"),"Flagged","Clean") -> Flagged | O19: =TRIM(IF(B19="","Missing Vendor_Name ","")&IF(I19="","Missing Contact_Email ","")&IF(J19="","Missing Account_Code ","")&IF(L19="","Missing Verified_By ","")&IF(Q19="Invalid","Invalid Email Format ","")&IF(H19="","Missing Last_Updated ","")) -> Missing Verified_By | P19: =IF(N19="Clean","Clean","Flagged for Review") -> Flagged for Review | Q19: =IF(I19="","Blank",IF(ISERROR(FIND("@",I19&"")),"Invalid",IF(FIND("@",I19&"")<2,"Invalid",IF(LEN(I19&"")-FIND("@",I19&"")<4,"Invalid","Valid")))) -> Valid
A20: VND-0533 | B20: Vendor Zeta 194 | C20: HR | D20: Australia | E20: APAC | F20: Active | G20: 44489 | H20: 44572 | I20: vendor.zeta.194@vendor.com | J20: ACC-7199 | K20: Oracle | L20: Anita M. | M20: Clean | N20: =IF(OR(B20="",H20="",I20="",J20="",L20="",Q20="Invalid"),"Flagged","Clean") -> Clean | O20: =TRIM(IF(B20="","Missing Vendor_Name ","")&IF(I20="","Missing Contact_Email ","")&IF(J20="","Missing Account_Code ","")&IF(L20="","Missing Verified_By ","")&IF(Q20="Invalid","Invalid Email Format ","")&IF(H20="","Missing Last_Updated ","")) | P20: =IF(N20="Clean","Clean","Flagged for Review") -> Clean | Q20: =IF(I20="","Blank",IF(ISERROR(FIND("@",I20&"")),"Invalid",IF(FIND("@",I20&"")<2,"Invalid",IF(LEN(I20&"")-FIND("@",I20&"")<4,"Invalid","Valid")))) -> Valid
A21: VND-0875 | B21: Vendor Gamma 262 | C21: Marketing | D21: India | E21: APAC | F21: Active | G21: 45134 | H21: 45481 | I21: vendor.gamma.262@yahoo.com | J21: ACC-1965 | K21: Manual Entry | L21: Ravi K. | M21: Clean | N21: =IF(OR(B21="",H21="",I21="",J21="",L21="",Q21="Invalid"),"Flagged","Clean") -> Clean | O21: =TRIM(IF(B21="","Missing Vendor_Name ","")&IF(I21="","Missing Contact_Email ","")&IF(J21="","Missing Account_Code ","")&IF(L21="","Missing Verified_By ","")&IF(Q21="Invalid","Invalid Email Format ","")&IF(H21="","Missing Last_Updated ","")) | P21: =IF(N21="Clean","Clean","Flagged for Review") -> Clean | Q21: =IF(I21="","Blank",IF(ISERROR(FIND("@",I21&"")),"Invalid",IF(FIND("@",I21&"")<2,"Invalid",IF(LEN(I21&"")-FIND("@",I21&"")<4,"Invalid","Valid")))) -> Valid
A22: VND-0724 | B22: Vendor Solutions 565 | C22: IT | D22: UK | E22: EMEA | F22: Active | G22: 44368 | H22: 44596 | I22: vendor.solutions.565@outlook.com | J22: ACC-2515 | K22: Manual Entry | L22: Priya S. | M22: Clean | N22: =IF(OR(B22="",H22="",I22="",J22="",L22="",Q22="Invalid"),"Flagged","Clean") -> Clean | O22: =TRIM(IF(B22="","Missing Vendor_Name ","")&IF(I22="","Missing Contact_Email ","")&IF(J22="","Missing Account_Code ","")&IF(L22="","Missing Verified_By ","")&IF(Q22="Invalid","Invalid Email Format ","")&IF(H22="","Missing Last_Updated ","")) | P22: =IF(N22="Clean","Clean","Flagged for Review") -> Clean | Q22: =IF(I22="","Blank",IF(ISERROR(FIND("@",I22&"")),"Invalid",IF(FIND("@",I22&"")<2,"Invalid",IF(LEN(I22&"")-FIND("@",I22&"")<4,"Invalid","Valid")))) -> Valid
A23: VND-0667 | B23: Vendor Solutions 125 | C23: Legal | D23: India | E23: APAC | F23: Active | G23: 43998 | H23: 44190 | I23: vendor.solutions.125@corp.net | J23: ACC-4027 | K23: SAP | M23: Flagged for Review | N23: =IF(OR(B23="",H23="",I23="",J23="",L23="",Q23="Invalid"),"Flagged","Clean") -> Flagged | O23: =TRIM(IF(B23="","Missing Vendor_Name ","")&IF(I23="","Missing Contact_Email ","")&IF(J23="","Missing Account_Code ","")&IF(L23="","Missing Verified_By ","")&IF(Q23="Invalid","Invalid Email Format ","")&IF(H23="","Missing Last_Updated ","")) -> Missing Verified_By | P23: =IF(N23="Clean","Clean","Flagged for Review") -> Flagged for Review | Q23: =IF(I23="","Blank",IF(ISERROR(FIND("@",I23&"")),"Invalid",IF(FIND("@",I23&"")<2,"Invalid",IF(LEN(I23&"")-FIND("@",I23&"")<4,"Invalid","Valid")))) -> Valid
A24: VND-0602 | B24: Vendor Group 730 | C24: IT | D24: Germany | E24: EMEA | F24: Active | G24: 44270 | H24: 45440 | I24: vendor.group.730@yahoo.com | J24: ACC-2926 | K24: Oracle | L24: Ravi K. | M24: Clean | N24: =IF(OR(B24="",H24="",I24="",J24="",L24="",Q24="Invalid"),"Flagged","Clean") -> Clean | O24: =TRIM(IF(B24="","Missing Vendor_Name ","")&IF(I24="","Missing Contact_Email ","")&IF(J24="","Missing Account_Code ","")&IF(L24="","Missing Verified_By ","")&IF(Q24="Invalid","Invalid Email Format ","")&IF(H24="","Missing Last_Updated ","")) | P24: =IF(N24="Clean","Clean","Flagged for Review") -> Clean | Q24: =IF(I24="","Blank",IF(ISERROR(FIND("@",I24&"")),"Invalid",IF(FIND("@",I24&"")<2,"Invalid",IF(LEN(I24&"")-FIND("@",I24&"")<4,"Invalid","Valid")))) -> Valid
A25: VND-0704 | B25: Vendor Solutions 93 | C25: IT | D25: Germany | E25: EMEA | F25: Active | G25: 44128 | H25: 44488 | I25: vendor.solutions.93@vendor.com | J25: ACC-1399 | K25: Legacy System | L25: James T. | M25: Clean | N25: =IF(OR(B25="",H25="",I25="",J25="",L25="",Q25="Invalid"),"Flagged","Clean") -> Clean | O25: =TRIM(IF(B25="","Missing Vendor_Name ","")&IF(I25="","Missing Contact_Email ","")&IF(J25="","Missing Account_Code ","")&IF(L25="","Missing Verified_By ","")&IF(Q25="Invalid","Invalid Email Format ","")&IF(H25="","Missing Last_Updated ","")) | P25: =IF(N25="Clean","Clean","Flagged for Review") -> Clean | Q25: =IF(I25="","Blank",IF(ISERROR(FIND("@",I25&"")),"Invalid",IF(FIND("@",I25&"")<2,"Invalid",IF(LEN(I25&"")-FIND("@",I25&"")<4,"Invalid","Valid")))) -> Valid
A26: VND-0866 | B26: Vendor Corp 758 | C26: HR | D26: India | E26: APAC | F26: Active | G26: 44894 | H26: 44928 | I26: vendor.corp.758@gmail.com | J26: ACC-7841 | K26: Legacy System | L26: Sarah L. | M26: Clean | N26: =IF(OR(B26="",H26="",I26="",J26="",L26="",Q26="Invalid"),"Flagged","Clean") -> Clean | O26: =TRIM(IF(B26="","Missing Vendor_Name ","")&IF(I26="","Missing Contact_Email ","")&IF(J26="","Missing Account_Code ","")&IF(L26="","Missing Verified_By ","")&IF(Q26="Invalid","Invalid Email Format ","")&IF(H26="","Missing Last_Updated ","")) | P26: =IF(N26="Clean","Clean","Flagged for Review") -> Clean | Q26: =IF(I26="","Blank",IF(ISERROR(FIND("@",I26&"")),"Invalid",IF(FIND("@",I26&"")<2,"Invalid",IF(LEN(I26&"")-FIND("@",I26&"")<4,"Invalid","Valid")))) -> Valid
A27: VND-0912 | B27: Vendor Tech 935 | C27: Marketing | D27: UK | E27: EMEA | F27: Active | G27: 43587 | H27: 43688 | I27: vendor.tech.935@yahoo.com | J27: ACC-5654 | K27: Oracle | L27: Ravi K. | M27: Clean | N27: =IF(OR(B27="",H27="",I27="",J27="",L27="",Q27="Invalid"),"Flagged","Clean") -> Clean | O27: =TRIM(IF(B27="","Missing Vendor_Name ","")&IF(I27="","Missing Contact_Email ","")&IF(J27="","Missing Account_Code ","")&IF(L27="","Missing Verified_By ","")&IF(Q27="Invalid","Invalid Email Format ","")&IF(H27="","Missing Last_Updated ","")) | P27: =IF(N27="Clean","Clean","Flagged for Review") -> Clean | Q27: =IF(I27="","Blank",IF(ISERROR(FIND("@",I27&"")),"Invalid",IF(FIND("@",I27&"")<2,"Invalid",IF(LEN(I27&"")-FIND("@",I27&"")<4,"Invalid","Valid")))) -> Valid
A28: VND-0360 | B28: Vendor Solutions 604 | C28: Marketing | D28: USA | E28: AMER | F28: Active | G28: 44672 | H28: 44737 | I28: vendor.solutions.604@yahoo.com | J28: ACC-1029 | K28: Legacy System | L28: Sarah L. | M28: Clean | N28: =IF(OR(B28="",H28="",I28="",J28="",L28="",Q28="Invalid"),"Flagged","Clean") -> Clean | O28: =TRIM(IF(B28="","Missing Vendor_Name ","")&IF(I28="","Missing Contact_Email ","")&IF(J28="","Missing Account_Code ","")&IF(L28="","Missing Verified_By ","")&IF(Q28="Invalid","Invalid Email Format ","")&IF(H28="","Missing Last_Updated ","")) | P28: =IF(N28="Clean","Clean","Flagged for Review") -> Clean | Q28: =IF(I28="","Blank",IF(ISERROR(FIND("@",I28&"")),"Invalid",IF(FIND("@",I28&"")<2,"Invalid",IF(LEN(I28&"")-FIND("@",I28&"")<4,"Invalid","Valid")))) -> Valid
A29: VND-0315 | B29: Vendor Delta 644 | C29: Legal | D29: USA | E29: AMER | F29: Under Review | G29: 45278 | H29: 45389 | I29: vendor.delta.644@gmail.com | J29: ACC-2646 | K29: Oracle | L29: Priya S. | M29: Clean | N29: =IF(OR(B29="",H29="",I29="",J29="",L29="",Q29="Invalid"),"Flagged","Clean") -> Clean | O29: =TRIM(IF(B29="","Missing Vendor_Name ","")&IF(I29="","Missing Contact_Email ","")&IF(J29="","Missing Account_Code ","")&IF(L29="","Missing Verified_By ","")&IF(Q29="Invalid","Invalid Email Format ","")&IF(H29="","Missing Last_Updated ","")) | P29: =IF(N29="Clean","Clean","Flagged for Review") -> Clean | Q29: =IF(I29="","Blank",IF(ISERROR(FIND("@",I29&"")),"Invalid",IF(FIND("@",I29&"")<2,"Invalid",IF(LEN(I29&"")-FIND("@",I29&"")<4,"Invalid","Valid")))) -> Valid
A30: VND-0763 | B30: Vendor Omega 138 | C30: Finance | D30: Singapore | E30: APAC | F30: Active | G30: 43914 | H30: 44205 | I30: vendor.omega.138@vendor.com | J30: ACC-9837 | K30: Legacy System | L30: James T. | M30: Clean | N30: =IF(OR(B30="",H30="",I30="",J30="",L30="",Q30="Invalid"),"Flagged","Clean") -> Clean | O30: =TRIM(IF(B30="","Missing Vendor_Name ","")&IF(I30="","Missing Contact_Email ","")&IF(J30="","Missing Account_Code ","")&IF(L30="","Missing Verified_By ","")&IF(Q30="Invalid","Invalid Email Format ","")&IF(H30="","Missing Last_Updated ","")) | P30: =IF(N30="Clean","Clean","Flagged for Review") -> Clean | Q30: =IF(I30="","Blank",IF(ISERROR(FIND("@",I30&"")),"Invalid",IF(FIND("@",I30&"")<2,"Invalid",IF(LEN(I30&"")-FIND("@",I30&"")<4,"Invalid","Valid")))) -> Valid
A31: VND-0862 | B31: Vendor Prime 133 | C31: Legal | D31: Australia | E31: APAC | F31: Inactive | G31: 43949 | H31: 44304 | I31: vendor.prime.133@yahoo.com | J31: ACC-8461 | K31: Legacy System | L31: Priya S. | M31: Clean | N31: =IF(OR(B31="",H31="",I31="",J31="",L31="",Q31="Invalid"),"Flagged","Clean") -> Clean | O31: =TRIM(IF(B31="","Missing Vendor_Name ","")&IF(I31="","Missing Contact_Email ","")&IF(J31="","Missing Account_Code ","")&IF(L31="","Missing Verified_By ","")&IF(Q31="Invalid","Invalid Email Format ","")&IF(H31="","Missing Last_Updated ","")) | P31: =IF(N31="Clean","Clean","Flagged for Review") -> Clean | Q31: =IF(I31="","Blank",IF(ISERROR(FIND("@",I31&"")),"Invalid",IF(FIND("@",I31&"")<2,"Invalid",IF(LEN(I31&"")-FIND("@",I31&"")<4,"Invalid","Valid")))) -> Valid
A32: VND-0024 | B32: Vendor Ltd 772 | C32: Marketing | D32: USA | E32: AMER | F32: Active | G32: 45455 | H32: 45701 | I32: vendor.ltd.772@yahoo.com | J32: ACC-7570 | K32: SAP | L32: Ravi K. | M32: Clean | N32: =IF(OR(B32="",H32="",I32="",J32="",L32="",Q32="Invalid"),"Flagged","Clean") -> Clean | O32: =TRIM(IF(B32="","Missing Vendor_Name ","")&IF(I32="","Missing Contact_Email ","")&IF(J32="","Missing Account_Code ","")&IF(L32="","Missing Verified_By ","")&IF(Q32="Invalid","Invalid Email Format ","")&IF(H32="","Missing Last_Updated ","")) | P32: =IF(N32="Clean","Clean","Flagged for Review") -> Clean | Q32: =IF(I32="","Blank",IF(ISERROR(FIND("@",I32&"")),"Invalid",IF(FIND("@",I32&"")<2,"Invalid",IF(LEN(I32&"")-FIND("@",I32&"")<4,"Invalid","Valid")))) -> Valid
A33: VND-0031 | B33: Vendor Delta 519 | C33: Finance | D33: USA | E33: AMER | F33: Under Review | G33: 43747 | H33: 43872 | I33: vendor.delta.519@outlook.com | J33: ACC-5669 | K33: Oracle | L33: James T. | M33: Clean | N33: =IF(OR(B33="",H33="",I33="",J33="",L33="",Q33="Invalid"),"Flagged","Clean") -> Clean | O33: =TRIM(IF(B33="","Missing Vendor_Name ","")&IF(I33="","Missing Contact_Email ","")&IF(J33="","Missing Account_Code ","")&IF(L33="","Missing Verified_By ","")&IF(Q33="Invalid","Invalid Email Format ","")&IF(H33="","Missing Last_Updated ","")) | P33: =IF(N33="Clean","Clean","Flagged for Review") -> Clean | Q33: =IF(I33="","Blank",IF(ISERROR(FIND("@",I33&"")),"Invalid",IF(FIND("@",I33&"")<2,"Invalid",IF(LEN(I33&"")-FIND("@",I33&"")<4,"Invalid","Valid")))) -> Valid
A34: VND-0539 | B34: Vendor Alpha 273 | C34: Marketing | D34: Germany | E34: EMEA | F34: Active | G34: 45391 | H34: 45483 | I34: vendor.alpha.273@yahoo.com | J34: ACC-5097 | K34: Legacy System | L34: Priya S. | M34: Clean | N34: =IF(OR(B34="",H34="",I34="",J34="",L34="",Q34="Invalid"),"Flagged","Clean") -> Clean | O34: =TRIM(IF(B34="","Missing Vendor_Name ","")&IF(I34="","Missing Contact_Email ","")&IF(J34="","Missing Account_Code ","")&IF(L34="","Missing Verified_By ","")&IF(Q34="Invalid","Invalid Email Format ","")&IF(H34="","Missing Last_Updated ","")) | P34: =IF(N34="Clean","Clean","Flagged for Review") -> Clean | Q34: =IF(I34="","Blank",IF(ISERROR(FIND("@",I34&"")),"Invalid",IF(FIND("@",I34&"")<2,"Invalid",IF(LEN(I34&"")-FIND("@",I34&"")<4,"Invalid","Valid")))) -> Valid
A35: VND-0534 | B35: Vendor Beta 433 | C35: Legal | D35: USA | E35: AMER | F35: Active | G35: 44579 | H35: 44724 | I35: noatsign.com | J35: ACC-5404 | K35: Legacy System | L35: Ravi K. | M35: Flagged for Review | N35: =IF(OR(B35="",H35="",I35="",J35="",L35="",Q35="Invalid"),"Flagged","Clean") -> Flagged | O35: =TRIM(IF(B35="","Missing Vendor_Name ","")&IF(I35="","Missing Contact_Email ","")&IF(J35="","Missing Account_Code ","")&IF(L35="","Missing Verified_By ","")&IF(Q35="Invalid","Invalid Email Format ","")&IF(H35="","Missing Last_Updated ","")) -> Invalid Email Format | P35: =IF(N35="Clean","Clean","Flagged for Review") -> Flagged for Review | Q35: =IF(I35="","Blank",IF(ISERROR(FIND("@",I35&"")),"Invalid",IF(FIND("@",I35&"")<2,"Invalid",IF(LEN(I35&"")-FIND("@",I35&"")<4,"Invalid","Valid")))) -> Invalid
A36: VND-0219 | B36: Vendor Solutions 790 | C36: Logistics | D36: India | E36: APAC | F36: Under Review | G36: 44112 | H36: 44320 | J36: ACC-8822 | K36: Oracle | L36: Anita M. | M36: Flagged for Review | N36: =IF(OR(B36="",H36="",I36="",J36="",L36="",Q36="Invalid"),"Flagged","Clean") -> Flagged | O36: =TRIM(IF(B36="","Missing Vendor_Name ","")&IF(I36="","Missing Contact_Email ","")&IF(J36="","Missing Account_Code ","")&IF(L36="","Missing Verified_By ","")&IF(Q36="Invalid","Invalid Email Format ","")&IF(H36="","Missing Last_Updated ","")) -> Missing Contact_Email | P36: =IF(N36="Clean","Clean","Flagged for Review") -> Flagged for Review | Q36: =IF(I36="","Blank",IF(ISERROR(FIND("@",I36&"")),"Invalid",IF(FIND("@",I36&"")<2,"Invalid",IF(LEN(I36&"")-FIND("@",I36&"")<4,"Invalid","Valid")))) -> Blank
A37: VND-0443 | B37: Vendor Group 816 | C37: Marketing | D37: Singapore | E37: APAC | F37: Active | G37: 43658 | H37: 43853 | I37: vendor.group.816@vendor.com | J37: ACC-7825 | K37: Manual Entry | L37: Sarah L. | M37: Clean | N37: =IF(OR(B37="",H37="",I37="",J37="",L37="",Q37="Invalid"),"Flagged","Clean") -> Clean | O37: =TRIM(IF(B37="","Missing Vendor_Name ","")&IF(I37="","Missing Contact_Email ","")&IF(J37="","Missing Account_Code ","")&IF(L37="","Missing Verified_By ","")&IF(Q37="Invalid","Invalid Email Format ","")&IF(H37="","Missing Last_Updated ","")) | P37: =IF(N37="Clean","Clean","Flagged for Review") -> Clean | Q37: =IF(I37="","Blank",IF(ISERROR(FIND("@",I37&"")),"Invalid",IF(FIND("@",I37&"")<2,"Invalid",IF(LEN(I37&"")-FIND("@",I37&"")<4,"Invalid","Valid")))) -> Valid
A38: VND-0089 | B38: Vendor Tech 447 | C38: Legal | D38: Canada | E38: AMER | F38: Active | G38: 43839 | H38: 44079 | I38: vendor.tech.447@outlook.com | J38: ACC-7690 | K38: Manual Entry | L38: Anita M. | M38: Clean | N38: =IF(OR(B38="",H38="",I38="",J38="",L38="",Q38="Invalid"),"Flagged","Clean") -> Clean | O38: =TRIM(IF(B38="","Missing Vendor_Name ","")&IF(I38="","Missing Contact_Email ","")&IF(J38="","Missing Account_Code ","")&IF(L38="","Missing Verified_By ","")&IF(Q38="Invalid","Invalid Email Format ","")&IF(H38="","Missing Last_Updated ","")) | P38: =IF(N38="Clean","Clean","Flagged for Review") -> Clean | Q38: =IF(I38="","Blank",IF(ISERROR(FIND("@",I38&"")),"Invalid",IF(FIND("@",I38&"")<2,"Invalid",IF(LEN(I38&"")-FIND("@",I38&"")<4,"Invalid","Valid")))) -> Valid
A39: VND-0319 | B39: Vendor Solutions 609 | C39: IT | D39: Australia | E39: APAC | F39: Inactive | G39: 43515 | H39: 43699 | I39: vendor.solutions.609@outlook.com | J39: ACC-3162 | K39: Legacy System | L39: Sarah L. | M39: Clean | N39: =IF(OR(B39="",H39="",I39="",J39="",L39="",Q39="Invalid"),"Flagged","Clean") -> Clean | O39: =TRIM(IF(B39="","Missing Vendor_Name ","")&IF(I39="","Missing Contact_Email ","")&IF(J39="","Missing Account_Code ","")&IF(L39="","Missing Verified_By ","")&IF(Q39="Invalid","Invalid Email Format ","")&IF(H39="","Missing Last_Updated ","")) | P39: =IF(N39="Clean","Clean","Flagged for Review") -> Clean | Q39: =IF(I39="","Blank",IF(ISERROR(FIND("@",I39&"")),"Invalid",IF(FIND("@",I39&"")<2,"Invalid",IF(LEN(I39&"")-FIND("@",I39&"")<4,"Invalid","Valid")))) -> Valid
A40: VND-0540 | B40: Vendor Beta 998 | C40: Marketing | D40: Singapore | E40: APAC | F40: Active | G40: 45280 | H40: 45406 | I40: vendor.beta.998@gmail.com | J40: ACC-4263 | K40: Legacy System | M40: Flagged for Review | N40: =IF(OR(B40="",H40="",I40="",J40="",L40="",Q40="Invalid"),"Flagged","Clean") -> Flagged | O40: =TRIM(IF(B40="","Missing Vendor_Name ","")&IF(I40="","Missing Contact_Email ","")&IF(J40="","Missing Account_Code ","")&IF(L40="","Missing Verified_By ","")&IF(Q40="Invalid","Invalid Email Format ","")&IF(H40="","Missing Last_Updated ","")) -> Missing Verified_By | P40: =IF(N40="Clean","Clean","Flagged for Review") -> Flagged for Review | Q40: =IF(I40="","Blank",IF(ISERROR(FIND("@",I40&"")),"Invalid",IF(FIND("@",I40&"")<2,"Invalid",IF(LEN(I40&"")-FIND("@",I40&"")<4,"Invalid","Valid")))) -> Valid
A41: VND-0709 | B41: Vendor Zeta 245 | C41: Operations | D41: India | E41: APAC | F41: Active | G41: 44325 | H41: 44440 | I41: vendor.zeta.245@outlook.com | J41: ACC-6778 | K41: Manual Entry | L41: Sarah L. | M41: Clean | N41: =IF(OR(B41="",H41="",I41="",J41="",L41="",Q41="Invalid"),"Flagged","Clean") -> Clean | O41: =TRIM(IF(B41="","Missing Vendor_Name ","")&IF(I41="","Missing Contact_Email ","")&IF(J41="","Missing Account_Code ","")&IF(L41="","Missing Verified_By ","")&IF(Q41="Invalid","Invalid Email Format ","")&IF(H41="","Missing Last_Updated ","")) | P41: =IF(N41="Clean","Clean","Flagged for Review") -> Clean | Q41: =IF(I41="","Blank",IF(ISERROR(FIND("@",I41&"")),"Invalid",IF(FIND("@",I41&"")<2,"Invalid",IF(LEN(I41&"")-FIND("@",I41&"")<4,"Invalid","Valid")))) -> Valid
A42: VND-0589 | B42: Vendor Prime 764 | C42: Marketing | D42: Singapore | E42: APAC | F42: Under Review | G42: 44587 | H42: 44664 | I42: vendor.prime.764@yahoo.com | J42: ACC-2749 | K42: Oracle | L42: Ravi K. | M42: Clean | N42: =IF(OR(B42="",H42="",I42="",J42="",L42="",Q42="Invalid"),"Flagged","Clean") -> Clean | O42: =TRIM(IF(B42="","Missing Vendor_Name ","")&IF(I42="","Missing Contact_Email ","")&IF(J42="","Missing Account_Code ","")&IF(L42="","Missing Verified_By ","")&IF(Q42="Invalid","Invalid Email Format ","")&IF(H42="","Missing Last_Updated ","")) | P42: =IF(N42="Clean","Clean","Flagged for Review") -> Clean | Q42: =IF(I42="","Blank",IF(ISERROR(FIND("@",I42&"")),"Invalid",IF(FIND("@",I42&"")<2,"Invalid",IF(LEN(I42&"")-FIND("@",I42&"")<4,"Invalid","Valid")))) -> Valid
A43: VND-0842 | B43: Vendor Corp 774 | C43: IT | D43: India | E43: APAC | F43: Inactive | G43: 43883 | H43: 44170 | I43: vendor.corp.774@gmail.com | J43: ACC-9311 | K43: SAP | L43: Ravi K. | M43: Clean | N43: =IF(OR(B43="",H43="",I43="",J43="",L43="",Q43="Invalid"),"Flagged","Clean") -> Clean | O43: =TRIM(IF(B43="","Missing Vendor_Name ","")&IF(I43="","Missing Contact_Email ","")&IF(J43="","Missing Account_Code ","")&IF(L43="","Missing Verified_By ","")&IF(Q43="Invalid","Invalid Email Format ","")&IF(H43="","Missing Last_Updated ","")) | P43: =IF(N43="Clean","Clean","Flagged for Review") -> Clean | Q43: =IF(I43="","Blank",IF(ISERROR(FIND("@",I43&"")),"Invalid",IF(FIND("@",I43&"")<2,"Invalid",IF(LEN(I43&"")-FIND("@",I43&"")<4,"Invalid","Valid")))) -> Valid
A44: VND-0545 | B44: Vendor Delta 162 | C44: HR | D44: India | E44: APAC | F44: Active | G44: 44852 | H44: 45172 | I44: vendor.delta.162@gmail.com | J44: ACC-1979 | K44: Manual Entry | M44: Flagged for Review | N44: =IF(OR(B44="",H44="",I44="",J44="",L44="",Q44="Invalid"),"Flagged","Clean") -> Flagged | O44: =TRIM(IF(B44="","Missing Vendor_Name ","")&IF(I44="","Missing Contact_Email ","")&IF(J44="","Missing Account_Code ","")&IF(L44="","Missing Verified_By ","")&IF(Q44="Invalid","Invalid Email Format ","")&IF(H44="","Missing Last_Updated ","")) -> Missing Verified_By | P44: =IF(N44="Clean","Clean","Flagged for Review") -> Flagged for Review | Q44: =IF(I44="","Blank",IF(ISERROR(FIND("@",I44&"")),"Invalid",IF(FIND("@",I44&"")<2,"Invalid",IF(LEN(I44&"")-FIND("@",I44&"")<4,"Invalid","Valid")))) -> Valid
A45: VND-0216 | B45: Vendor Group 824 | C45: Logistics | D45: UK | E45: EMEA | F45: Active | G45: 43789 | H45: 43966 | I45: vendor.group.824@vendor.com | J45: ACC-5201 | K45: Legacy System | L45: Ravi K. | M45: Clean | N45: =IF(OR(B45="",H45="",I45="",J45="",L45="",Q45="Invalid"),"Flagged","Clean") -> Clean | O45: =TRIM(IF(B45="","Missing Vendor_Name ","")&IF(I45="","Missing Contact_Email ","")&IF(J45="","Missing Account_Code ","")&IF(L45="","Missing Verified_By ","")&IF(Q45="Invalid","Invalid Email Format ","")&IF(H45="","Missing Last_Updated ","")) | P45: =IF(N45="Clean","Clean","Flagged for Review") -> Clean | Q45: =IF(I45="","Blank",IF(ISERROR(FIND("@",I45&"")),"Invalid",IF(FIND("@",I45&"")<2,"Invalid",IF(LEN(I45&"")-FIND("@",I45&"")<4,"Invalid","Valid")))) -> Valid
A46: VND-0108 | B46: Vendor Omega 707 | C46: Finance | D46: Germany | E46: EMEA | F46: Inactive | G46: 44281 | H46: 44477 | I46: vendor.omega.707@vendor.com | J46: ACC-2747 | K46: Oracle | L46: James T. | M46: Clean | N46: =IF(OR(B46="",H46="",I46="",J46="",L46="",Q46="Invalid"),"Flagged","Clean") -> Clean | O46: =TRIM(IF(B46="","Missing Vendor_Name ","")&IF(I46="","Missing Contact_Email ","")&IF(J46="","Missing Account_Code ","")&IF(L46="","Missing Verified_By ","")&IF(Q46="Invalid","Invalid Email Format ","")&IF(H46="","Missing Last_Updated ","")) | P46: =IF(N46="Clean","Clean","Flagged for Review") -> Clean | Q46: =IF(I46="","Blank",IF(ISERROR(FIND("@",I46&"")),"Invalid",IF(FIND("@",I46&"")<2,"Invalid",IF(LEN(I46&"")-FIND("@",I46&"")<4,"Invalid","Valid")))) -> Valid
A47: VND-0775 | B47: Vendor Solutions 721 | C47: Operations | D47: Canada | E47: AMER | F47: Active | G47: 45510 | H47: 45619 | I47: vendor.solutions.721@vendor.com | J47: ACC-5389 | K47: Legacy System | L47: Sarah L. | M47: Clean | N47: =IF(OR(B47="",H47="",I47="",J47="",L47="",Q47="Invalid"),"Flagged","Clean") -> Clean | O47: =TRIM(IF(B47="","Missing Vendor_Name ","")&IF(I47="","Missing Contact_Email ","")&IF(J47="","Missing Account_Code ","")&IF(L47="","Missing Verified_By ","")&IF(Q47="Invalid","Invalid Email Format ","")&IF(H47="","Missing Last_Updated ","")) | P47: =IF(N47="Clean","Clean","Flagged for Review") -> Clean | Q47: =IF(I47="","Blank",IF(ISERROR(FIND("@",I47&"")),"Invalid",IF(FIND("@",I47&"")<2,"Invalid",IF(LEN(I47&"")-FIND("@",I47&"")<4,"Invalid","Valid")))) -> Valid
A48: VND-0446 | B48: Vendor Alpha 439 | C48: Finance | D48: Australia | E48: APAC | F48: Active | G48: 44125 | H48: 44424 | I48: vendor.alpha.439@outlook.com | J48: ACC-1092 | K48: Manual Entry | L48: James T. | M48: Clean | N48: =IF(OR(B48="",H48="",I48="",J48="",L48="",Q48="Invalid"),"Flagged","Clean") -> Clean | O48: =TRIM(IF(B48="","Missing Vendor_Name ","")&IF(I48="","Missing Contact_Email ","")&IF(J48="","Missing Account_Code ","")&IF(L48="","Missing Verified_By ","")&IF(Q48="Invalid","Invalid Email Format ","")&IF(H48="","Missing Last_Updated ","")) | P48: =IF(N48="Clean","Clean","Flagged for Review") -> Clean | Q48: =IF(I48="","Blank",IF(ISERROR(FIND("@",I48&"")),"Invalid",IF(FIND("@",I48&"")<2,"Invalid",IF(LEN(I48&"")-FIND("@",I48&"")<4,"Invalid","Valid")))) -> Valid
A49: VND-0281 | B49: Vendor Solutions 681 | C49: Finance | D49: USA | E49: AMER | F49: Active | G49: 43647 | H49: 43935 | I49: vendor.solutions.681@vendor.com | J49: ACC-6432 | K49: Legacy System | L49: Priya S. | M49: Clean | N49: =IF(OR(B49="",H49="",I49="",J49="",L49="",Q49="Invalid"),"Flagged","Clean") -> Clean | O49: =TRIM(IF(B49="","Missing Vendor_Name ","")&IF(I49="","Missing Contact_Email ","")&IF(J49="","Missing Account_Code ","")&IF(L49="","Missing Verified_By ","")&IF(Q49="Invalid","Invalid Email Format ","")&IF(H49="","Missing Last_Updated ","")) | P49: =IF(N49="Clean","Clean","Flagged for Review") -> Clean | Q49: =IF(I49="","Blank",IF(ISERROR(FIND("@",I49&"")),"Invalid",IF(FIND("@",I49&"")<2,"Invalid",IF(LEN(I49&"")-FIND("@",I49&"")<4,"Invalid","Valid")))) -> Valid
A50: VND-0372 | B50: Vendor Global 397 | C50: Logistics | D50: UK | E50: EMEA | F50: Inactive | G50: 44979 | H50: 45074 | I50: vendor.global.397@vendor.com | J50: ACC-1731 | K50: Manual Entry | L50: James T. | M50: Clean | N50: =IF(OR(B50="",H50="",I50="",J50="",L50="",Q50="Invalid"),"Flagged","Clean") -> Clean | O50: =TRIM(IF(B50="","Missing Vendor_Name ","")&IF(I50="","Missing Contact_Email ","")&IF(J50="","Missing Account_Code ","")&IF(L50="","Missing Verified_By ","")&IF(Q50="Invalid","Invalid Email Format ","")&IF(H50="","Missing Last_Updated ","")) | P50: =IF(N50="Clean","Clean","Flagged for Review") -> Clean | Q50: =IF(I50="","Blank",IF(ISERROR(FIND("@",I50&"")),"Invalid",IF(FIND("@",I50&"")<2,"Invalid",IF(LEN(I50&"")-FIND("@",I50&"")<4,"Invalid","Valid")))) -> Valid
A51: VND-0328 | B51: Vendor Global 369 | C51: IT | D51: Germany | E51: EMEA | F51: Inactive | G51: 44149 | H51: 44337 | I51: vendor.global.369@yahoo.com | J51: ACC-5179 | K51: SAP | L51: Sarah L. | M51: Clean | N51: =IF(OR(B51="",H51="",I51="",J51="",L51="",Q51="Invalid"),"Flagged","Clean") -> Clean | O51: =TRIM(IF(B51="","Missing Vendor_Name ","")&IF(I51="","Missing Contact_Email ","")&IF(J51="","Missing Account_Code ","")&IF(L51="","Missing Verified_By ","")&IF(Q51="Invalid","Invalid Email Format ","")&IF(H51="","Missing Last_Updated ","")) | P51: =IF(N51="Clean","Clean","Flagged for Review") -> Clean | Q51: =IF(I51="","Blank",IF(ISERROR(FIND("@",I51&"")),"Invalid",IF(FIND("@",I51&"")<2,"Invalid",IF(LEN(I51&"")-FIND("@",I51&"")<4,"Invalid","Valid")))) -> Valid
A52: VND-0232 | B52: Vendor Prime 829 | C52: IT | D52: Germany | E52: EMEA | F52: Active | G52: 45167 | H52: 45400 | I52: vendor.prime.829@corp.net | J52: ACC-1945 | K52: Legacy System | M52: Flagged for Review | N52: =IF(OR(B52="",H52="",I52="",J52="",L52="",Q52="Invalid"),"Flagged","Clean") -> Flagged | O52: =TRIM(IF(B52="","Missing Vendor_Name ","")&IF(I52="","Missing Contact_Email ","")&IF(J52="","Missing Account_Code ","")&IF(L52="","Missing Verified_By ","")&IF(Q52="Invalid","Invalid Email Format ","")&IF(H52="","Missing Last_Updated ","")) -> Missing Verified_By | P52: =IF(N52="Clean","Clean","Flagged for Review") -> Flagged for Review | Q52: =IF(I52="","Blank",IF(ISERROR(FIND("@",I52&"")),"Invalid",IF(FIND("@",I52&"")<2,"Invalid",IF(LEN(I52&"")-FIND("@",I52&"")<4,"Invalid","Valid")))) -> Valid
A53: VND-0693 | B53: Vendor Alpha 948 | C53: Operations | D53: USA | E53: AMER | F53: Active | G53: 43585 | H53: 43833 | I53: vendor.alpha.948@corp.net | J53: ACC-2901 | K53: SAP | L53: Ravi K. | M53: Clean | N53: =IF(OR(B53="",H53="",I53="",J53="",L53="",Q53="Invalid"),"Flagged","Clean") -> Clean | O53: =TRIM(IF(B53="","Missing Vendor_Name ","")&IF(I53="","Missing Contact_Email ","")&IF(J53="","Missing Account_Code ","")&IF(L53="","Missing Verified_By ","")&IF(Q53="Invalid","Invalid Email Format ","")&IF(H53="","Missing Last_Updated ","")) | P53: =IF(N53="Clean","Clean","Flagged for Review") -> Clean | Q53: =IF(I53="","Blank",IF(ISERROR(FIND("@",I53&"")),"Invalid",IF(FIND("@",I53&"")<2,"Invalid",IF(LEN(I53&"")-FIND("@",I53&"")<4,"Invalid","Valid")))) -> Valid
A54: VND-0040 | B54: Vendor Corp 482 | C54: Logistics | D54: USA | E54: AMER | F54: Inactive | G54: 45351 | H54: 45530 | I54: vendor.corp.482@outlook.com | J54: ACC-4728 | K54: Oracle | L54: Priya S. | M54: Clean | N54: =IF(OR(B54="",H54="",I54="",J54="",L54="",Q54="Invalid"),"Flagged","Clean") -> Clean | O54: =TRIM(IF(B54="","Missing Vendor_Name ","")&IF(I54="","Missing Contact_Email ","")&IF(J54="","Missing Account_Code ","")&IF(L54="","Missing Verified_By ","")&IF(Q54="Invalid","Invalid Email Format ","")&IF(H54="","Missing Last_Updated ","")) | P54: =IF(N54="Clean","Clean","Flagged for Review") -> Clean | Q54: =IF(I54="","Blank",IF(ISERROR(FIND("@",I54&"")),"Invalid",IF(FIND("@",I54&"")<2,"Invalid",IF(LEN(I54&"")-FIND("@",I54&"")<4,"Invalid","Valid")))) -> Valid
A55: VND-0755 | B55: Vendor Prime 536 | C55: Legal | D55: Singapore | E55: APAC | F55: Active | G55: 44053 | H55: 44255 | I55: vendor.prime.536@vendor.com | J55: ACC-2666 | K55: Oracle | L55: Priya S. | M55: Clean | N55: =IF(OR(B55="",H55="",I55="",J55="",L55="",Q55="Invalid"),"Flagged","Clean") -> Clean | O55: =TRIM(IF(B55="","Missing Vendor_Name ","")&IF(I55="","Missing Contact_Email ","")&IF(J55="","Missing Account_Code ","")&IF(L55="","Missing Verified_By ","")&IF(Q55="Invalid","Invalid Email Format ","")&IF(H55="","Missing Last_Updated ","")) | P55: =IF(N55="Clean","Clean","Flagged for Review") -> Clean | Q55: =IF(I55="","Blank",IF(ISERROR(FIND("@",I55&"")),"Invalid",IF(FIND("@",I55&"")<2,"Invalid",IF(LEN(I55&"")-FIND("@",I55&"")<4,"Invalid","Valid")))) -> Valid
A56: VND-0311 | B56: Vendor Solutions 94 | C56: Legal | D56: India | E56: APAC | F56: Active | G56: 45419 | H56: 45458 | I56: vendor.solutions.94@yahoo.com | J56: ACC-4705 | K56: Legacy System | L56: Priya S. | M56: Clean | N56: =IF(OR(B56="",H56="",I56="",J56="",L56="",Q56="Invalid"),"Flagged","Clean") -> Clean | O56: =TRIM(IF(B56="","Missing Vendor_Name ","")&IF(I56="","Missing Contact_Email ","")&IF(J56="","Missing Account_Code ","")&IF(L56="","Missing Verified_By ","")&IF(Q56="Invalid","Invalid Email Format ","")&IF(H56="","Missing Last_Updated ","")) | P56: =IF(N56="Clean","Clean","Flagged for Review") -> Clean | Q56: =IF(I56="","Blank",IF(ISERROR(FIND("@",I56&"")),"Invalid",IF(FIND("@",I56&"")<2,"Invalid",IF(LEN(I56&"")-FIND("@",I56&"")<4,"Invalid","Valid")))) -> Valid
A57: VND-0262 | B57: Vendor Ltd 44 | C57: Logistics | D57: USA | E57: AMER | F57: Under Review | G57: 45413 | H57: 45551 | I57: vendor.ltd.44@gmail.com | J57: ACC-2218 | K57: Manual Entry | L57: Sarah L. | M57: Clean | N57: =IF(OR(B57="",H57="",I57="",J57="",L57="",Q57="Invalid"),"Flagged","Clean") -> Clean | O57: =TRIM(IF(B57="","Missing Vendor_Name ","")&IF(I57="","Missing Contact_Email ","")&IF(J57="","Missing Account_Code ","")&IF(L57="","Missing Verified_By ","")&IF(Q57="Invalid","Invalid Email Format ","")&IF(H57="","Missing Last_Updated ","")) | P57: =IF(N57="Clean","Clean","Flagged for Review") -> Clean | Q57: =IF(I57="","Blank",IF(ISERROR(FIND("@",I57&"")),"Invalid",IF(FIND("@",I57&"")<2,"Invalid",IF(LEN(I57&"")-FIND("@",I57&"")<4,"Invalid","Valid")))) -> Valid
A58: VND-0592 | B58: Vendor Prime 141 | C58: Logistics | D58: USA | E58: AMER | F58: Active | G58: 45139 | H58: 45146 | I58: vendor.prime.141@outlook.com | J58: ACC-7767 | K58: Oracle | M58: Flagged for Review | N58: =IF(OR(B58="",H58="",I58="",J58="",L58="",Q58="Invalid"),"Flagged","Clean") -> Flagged | O58: =TRIM(IF(B58="","Missing Vendor_Name ","")&IF(I58="","Missing Contact_Email ","")&IF(J58="","Missing Account_Code ","")&IF(L58="","Missing Verified_By ","")&IF(Q58="Invalid","Invalid Email Format ","")&IF(H58="","Missing Last_Updated ","")) -> Missing Verified_By | P58: =IF(N58="Clean","Clean","Flagged for Review") -> Flagged for Review | Q58: =IF(I58="","Blank",IF(ISERROR(FIND("@",I58&"")),"Invalid",IF(FIND("@",I58&"")<2,"Invalid",IF(LEN(I58&"")-FIND("@",I58&"")<4,"Invalid","Valid")))) -> Valid
A59: VND-0060 | B59: Vendor Tech 578 | C59: Legal | D59: India | E59: APAC | F59: Active | G59: 45221 | H59: 45290 | I59: vendor.tech.578@vendor.com | J59: ACC-3977 | K59: SAP | L59: Anita M. | M59: Clean | N59: =IF(OR(B59="",H59="",I59="",J59="",L59="",Q59="Invalid"),"Flagged","Clean") -> Clean | O59: =TRIM(IF(B59="","Missing Vendor_Name ","")&IF(I59="","Missing Contact_Email ","")&IF(J59="","Missing Account_Code ","")&IF(L59="","Missing Verified_By ","")&IF(Q59="Invalid","Invalid Email Format ","")&IF(H59="","Missing Last_Updated ","")) | P59: =IF(N59="Clean","Clean","Flagged for Review") -> Clean | Q59: =IF(I59="","Blank",IF(ISERROR(FIND("@",I59&"")),"Invalid",IF(FIND("@",I59&"")<2,"Invalid",IF(LEN(I59&"")-FIND("@",I59&"")<4,"Invalid","Valid")))) -> Valid
A60: VND-0568 | B60: Vendor Epsilon 537 | C60: IT | D60: UK | E60: EMEA | F60: Active | G60: 44078 | H60: 44245 | I60: vendor.epsilon.537@corp.net | J60: ACC-4617 | K60: Oracle | L60: Priya S. | M60: Clean | N60: =IF(OR(B60="",H60="",I60="",J60="",L60="",Q60="Invalid"),"Flagged","Clean") -> Clean | O60: =TRIM(IF(B60="","Missing Vendor_Name ","")&IF(I60="","Missing Contact_Email ","")&IF(J60="","Missing Account_Code ","")&IF(L60="","Missing Verified_By ","")&IF(Q60="Invalid","Invalid Email Format ","")&IF(H60="","Missing Last_Updated ","")) | P60: =IF(N60="Clean","Clean","Flagged for Review") -> Clean | Q60: =IF(I60="","Blank",IF(ISERROR(FIND("@",I60&"")),"Invalid",IF(FIND("@",I60&"")<2,"Invalid",IF(LEN(I60&"")-FIND("@",I60&"")<4,"Invalid","Valid")))) -> Valid
A61: VND-0137 | B61: Vendor Services 649 | C61: IT | D61: India | E61: APAC | F61: Inactive | G61: 44347 | H61: 44539 | I61: vendor.services.649@vendor.com | J61: ACC-8432 | K61: Manual Entry | L61: Ravi K. | M61: Clean | N61: =IF(OR(B61="",H61="",I61="",J61="",L61="",Q61="Invalid"),"Flagged","Clean") -> Clean | O61: =TRIM(IF(B61="","Missing Vendor_Name ","")&IF(I61="","Missing Contact_Email ","")&IF(J61="","Missing Account_Code ","")&IF(L61="","Missing Verified_By ","")&IF(Q61="Invalid","Invalid Email Format ","")&IF(H61="","Missing Last_Updated ","")) | P61: =IF(N61="Clean","Clean","Flagged for Review") -> Clean | Q61: =IF(I61="","Blank",IF(ISERROR(FIND("@",I61&"")),"Invalid",IF(FIND("@",I61&"")<2,"Invalid",IF(LEN(I61&"")-FIND("@",I61&"")<4,"Invalid","Valid")))) -> Valid
A62: VND-0097 | B62: Vendor Epsilon 841 | C62: IT | D62: UK | E62: EMEA | F62: Inactive | G62: 45471 | H62: 45547 | I62: vendor.epsilon.841@vendor.com | J62: ACC-9824 | K62: Legacy System | L62: Anita M. | M62: Clean | N62: =IF(OR(B62="",H62="",I62="",J62="",L62="",Q62="Invalid"),"Flagged","Clean") -> Clean | O62: =TRIM(IF(B62="","Missing Vendor_Name ","")&IF(I62="","Missing Contact_Email ","")&IF(J62="","Missing Account_Code ","")&IF(L62="","Missing Verified_By ","")&IF(Q62="Invalid","Invalid Email Format ","")&IF(H62="","Missing Last_Updated ","")) | P62: =IF(N62="Clean","Clean","Flagged for Review") -> Clean | Q62: =IF(I62="","Blank",IF(ISERROR(FIND("@",I62&"")),"Invalid",IF(FIND("@",I62&"")<2,"Invalid",IF(LEN(I62&"")-FIND("@",I62&"")<4,"Invalid","Valid")))) -> Valid
A63: VND-0297 | B63: Vendor Group 469 | C63: Operations | D63: Singapore | E63: APAC | F63: Inactive | G63: 45494 | H63: 45775 | I63: vendor.group.469@corp.net | J63: ACC-2854 | K63: SAP | L63: Anita M. | M63: Clean | N63: =IF(OR(B63="",H63="",I63="",J63="",L63="",Q63="Invalid"),"Flagged","Clean") -> Clean | O63: =TRIM(IF(B63="","Missing Vendor_Name ","")&IF(I63="","Missing Contact_Email ","")&IF(J63="","Missing Account_Code ","")&IF(L63="","Missing Verified_By ","")&IF(Q63="Invalid","Invalid Email Format ","")&IF(H63="","Missing Last_Updated ","")) | P63: =IF(N63="Clean","Clean","Flagged for Review") -> Clean | Q63: =IF(I63="","Blank",IF(ISERROR(FIND("@",I63&"")),"Invalid",IF(FIND("@",I63&"")<2,"Invalid",IF(LEN(I63&"")-FIND("@",I63&"")<4,"Invalid","Valid")))) -> Valid
A64: VND-0920 | B64: Vendor Prime 184 | C64: Finance | D64: Singapore | E64: APAC | F64: Active | G64: 45445 | H64: 45698 | I64: vendor.prime.184@vendor.com | J64: ACC-5396 | K64: Legacy System | M64: Flagged for Review | N64: =IF(OR(B64="",H64="",I64="",J64="",L64="",Q64="Invalid"),"Flagged","Clean") -> Flagged | O64: =TRIM(IF(B64="","Missing Vendor_Name ","")&IF(I64="","Missing Contact_Email ","")&IF(J64="","Missing Account_Code ","")&IF(L64="","Missing Verified_By ","")&IF(Q64="Invalid","Invalid Email Format ","")&IF(H64="","Missing Last_Updated ","")) -> Missing Verified_By | P64: =IF(N64="Clean","Clean","Flagged for Review") -> Flagged for Review | Q64: =IF(I64="","Blank",IF(ISERROR(FIND("@",I64&"")),"Invalid",IF(FIND("@",I64&"")<2,"Invalid",IF(LEN(I64&"")-FIND("@",I64&"")<4,"Invalid","Valid")))) -> Valid
A65: VND-0433 | B65: Vendor Corp 689 | C65: Operations | D65: India | E65: APAC | F65: Inactive | G65: 45311 | H65: 45545 | I65: vendor.corp.689@corp.net | K65: Oracle | L65: James T. | M65: Flagged for Review | N65: =IF(OR(B65="",H65="",I65="",J65="",L65="",Q65="Invalid"),"Flagged","Clean") -> Flagged | O65: =TRIM(IF(B65="","Missing Vendor_Name ","")&IF(I65="","Missing Contact_Email ","")&IF(J65="","Missing Account_Code ","")&IF(L65="","Missing Verified_By ","")&IF(Q65="Invalid","Invalid Email Format ","")&IF(H65="","Missing Last_Updated ","")) -> Missing Account_Code | P65: =IF(N65="Clean","Clean","Flagged for Review") -> Flagged for Review | Q65: =IF(I65="","Blank",IF(ISERROR(FIND("@",I65&"")),"Invalid",IF(FIND("@",I65&"")<2,"Invalid",IF(LEN(I65&"")-FIND("@",I65&"")<4,"Invalid","Valid")))) -> Valid
A66: VND-0260 | B66: Vendor Corp 869 | C66: IT | D66: Singapore | E66: APAC | F66: Under Review | G66: 43595 | H66: 43642 | I66: vendor.corp.869@vendor.com | J66: ACC-7213 | K66: Legacy System | L66: Sarah L. | M66: Clean | N66: =IF(OR(B66="",H66="",I66="",J66="",L66="",Q66="Invalid"),"Flagged","Clean") -> Clean | O66: =TRIM(IF(B66="","Missing Vendor_Name ","")&IF(I66="","Missing Contact_Email ","")&IF(J66="","Missing Account_Code ","")&IF(L66="","Missing Verified_By ","")&IF(Q66="Invalid","Invalid Email Format ","")&IF(H66="","Missing Last_Updated ","")) | P66: =IF(N66="Clean","Clean","Flagged for Review") -> Clean | Q66: =IF(I66="","Blank",IF(ISERROR(FIND("@",I66&"")),"Invalid",IF(FIND("@",I66&"")<2,"Invalid",IF(LEN(I66&"")-FIND("@",I66&"")<4,"Invalid","Valid")))) -> Valid
A67: VND-0759 | B67: Vendor Beta 756 | C67: IT | D67: Canada | E67: AMER | F67: Active | G67: 43575 | H67: 43666 | I67: vendor.beta.756@vendor.com | J67: ACC-6356 | K67: Oracle | L67: Anita M. | M67: Clean | N67: =IF(OR(B67="",H67="",I67="",J67="",L67="",Q67="Invalid"),"Flagged","Clean") -> Clean | O67: =TRIM(IF(B67="","Missing Vendor_Name ","")&IF(I67="","Missing Contact_Email ","")&IF(J67="","Missing Account_Code ","")&IF(L67="","Missing Verified_By ","")&IF(Q67="Invalid","Invalid Email Format ","")&IF(H67="","Missing Last_Updated ","")) | P67: =IF(N67="Clean","Clean","Flagged for Review") -> Clean | Q67: =IF(I67="","Blank",IF(ISERROR(FIND("@",I67&"")),"Invalid",IF(FIND("@",I67&"")<2,"Invalid",IF(LEN(I67&"")-FIND("@",I67&"")<4,"Invalid","Valid")))) -> Valid
A68: VND-0786 | B68: Vendor Prime 733 | C68: Finance | D68: Canada | E68: AMER | F68: Under Review | G68: 43608 | H68: 43947 | I68: vendor.prime.733@gmail.com | J68: ACC-4926 | K68: Manual Entry | L68: Sarah L. | M68: Clean | N68: =IF(OR(B68="",H68="",I68="",J68="",L68="",Q68="Invalid"),"Flagged","Clean") -> Clean | O68: =TRIM(IF(B68="","Missing Vendor_Name ","")&IF(I68="","Missing Contact_Email ","")&IF(J68="","Missing Account_Code ","")&IF(L68="","Missing Verified_By ","")&IF(Q68="Invalid","Invalid Email Format ","")&IF(H68="","Missing Last_Updated ","")) | P68: =IF(N68="Clean","Clean","Flagged for Review") -> Clean | Q68: =IF(I68="","Blank",IF(ISERROR(FIND("@",I68&"")),"Invalid",IF(FIND("@",I68&"")<2,"Invalid",IF(LEN(I68&"")-FIND("@",I68&"")<4,"Invalid","Valid")))) -> Valid
A69: VND-0071 | B69: Vendor Group 265 | C69: Finance | D69: UK | E69: EMEA | F69: Inactive | G69: 44597 | H69: 44881 | I69: vendor.group.265@gmail.com | J69: ACC-9464 | K69: Oracle | L69: Priya S. | M69: Clean | N69: =IF(OR(B69="",H69="",I69="",J69="",L69="",Q69="Invalid"),"Flagged","Clean") -> Clean | O69: =TRIM(IF(B69="","Missing Vendor_Name ","")&IF(I69="","Missing Contact_Email ","")&IF(J69="","Missing Account_Code ","")&IF(L69="","Missing Verified_By ","")&IF(Q69="Invalid","Invalid Email Format ","")&IF(H69="","Missing Last_Updated ","")) | P69: =IF(N69="Clean","Clean","Flagged for Review") -> Clean | Q69: =IF(I69="","Blank",IF(ISERROR(FIND("@",I69&"")),"Invalid",IF(FIND("@",I69&"")<2,"Invalid",IF(LEN(I69&"")-FIND("@",I69&"")<4,"Invalid","Valid")))) -> Valid
A70: VND-0722 | B70: Vendor Gamma 5 | C70: Legal | D70: Australia | E70: APAC | F70: Under Review | G70: 45092 | H70: 45153 | I70: vendor.gamma.5@outlook.com | J70: ACC-8764 | K70: Manual Entry | L70: Sarah L. | M70: Clean | N70: =IF(OR(B70="",H70="",I70="",J70="",L70="",Q70="Invalid"),"Flagged","Clean") -> Clean | O70: =TRIM(IF(B70="","Missing Vendor_Name ","")&IF(I70="","Missing Contact_Email ","")&IF(J70="","Missing Account_Code ","")&IF(L70="","Missing Verified_By ","")&IF(Q70="Invalid","Invalid Email Format ","")&IF(H70="","Missing Last_Updated ","")) | P70: =IF(N70="Clean","Clean","Flagged for Review") -> Clean | Q70: =IF(I70="","Blank",IF(ISERROR(FIND("@",I70&"")),"Invalid",IF(FIND("@",I70&"")<2,"Invalid",IF(LEN(I70&"")-FIND("@",I70&"")<4,"Invalid","Valid")))) -> Valid
A71: VND-0310 | B71: Vendor Solutions 370 | C71: Finance | D71: India | E71: APAC | F71: Active | G71: 44143 | H71: 44169 | I71: vendor.solutions.370@vendor.com | J71: ACC-6005 | K71: Oracle | L71: James T. | M71: Clean | N71: =IF(OR(B71="",H71="",I71="",J71="",L71="",Q71="Invalid"),"Flagged","Clean") -> Clean | O71: =TRIM(IF(B71="","Missing Vendor_Name ","")&IF(I71="","Missing Contact_Email ","")&IF(J71="","Missing Account_Code ","")&IF(L71="","Missing Verified_By ","")&IF(Q71="Invalid","Invalid Email Format ","")&IF(H71="","Missing Last_Updated ","")) | P71: =IF(N71="Clean","Clean","Flagged for Review") -> Clean | Q71: =IF(I71="","Blank",IF(ISERROR(FIND("@",I71&"")),"Invalid",IF(FIND("@",I71&"")<2,"Invalid",IF(LEN(I71&"")-FIND("@",I71&"")<4,"Invalid","Valid")))) -> Valid
A72: VND-0586 | B72: Vendor Ltd 620 | C72: Finance | D72: Germany | E72: EMEA | F72: Active | G72: 44312 | H72: 44646 | I72: vendor.ltd.620@yahoo.com | J72: ACC-9869 | K72: Oracle | L72: Ravi K. | M72: Clean | N72: =IF(OR(B72="",H72="",I72="",J72="",L72="",Q72="Invalid"),"Flagged","Clean") -> Clean | O72: =TRIM(IF(B72="","Missing Vendor_Name ","")&IF(I72="","Missing Contact_Email ","")&IF(J72="","Missing Account_Code ","")&IF(L72="","Missing Verified_By ","")&IF(Q72="Invalid","Invalid Email Format ","")&IF(H72="","Missing Last_Updated ","")) | P72: =IF(N72="Clean","Clean","Flagged for Review") -> Clean | Q72: =IF(I72="","Blank",IF(ISERROR(FIND("@",I72&"")),"Invalid",IF(FIND("@",I72&"")<2,"Invalid",IF(LEN(I72&"")-FIND("@",I72&"")<4,"Invalid","Valid")))) -> Valid
A73: VND-0278 | B73: Vendor Delta 449 | C73: Marketing | D73: UK | E73: EMEA | F73: Inactive | G73: 43749 | H73: 43958 | I73: vendor.delta.449@vendor.com | J73: ACC-3280 | K73: Manual Entry | L73: Ravi K. | M73: Clean | N73: =IF(OR(B73="",H73="",I73="",J73="",L73="",Q73="Invalid"),"Flagged","Clean") -> Clean | O73: =TRIM(IF(B73="","Missing Vendor_Name ","")&IF(I73="","Missing Contact_Email ","")&IF(J73="","Missing Account_Code ","")&IF(L73="","Missing Verified_By ","")&IF(Q73="Invalid","Invalid Email Format ","")&IF(H73="","Missing Last_Updated ","")) | P73: =IF(N73="Clean","Clean","Flagged for Review") -> Clean | Q73: =IF(I73="","Blank",IF(ISERROR(FIND("@",I73&"")),"Invalid",IF(FIND("@",I73&"")<2,"Invalid",IF(LEN(I73&"")-FIND("@",I73&"")<4,"Invalid","Valid")))) -> Valid
A74: VND-0685 | B74: Vendor Beta 281 | C74: Logistics | D74: Canada | E74: AMER | F74: Active | G74: 44981 | H74: 45264 | I74: vendor.beta.281@yahoo.com | J74: ACC-8187 | K74: Oracle | L74: Sarah L. | M74: Clean | N74: =IF(OR(B74="",H74="",I74="",J74="",L74="",Q74="Invalid"),"Flagged","Clean") -> Clean | O74: =TRIM(IF(B74="","Missing Vendor_Name ","")&IF(I74="","Missing Contact_Email ","")&IF(J74="","Missing Account_Code ","")&IF(L74="","Missing Verified_By ","")&IF(Q74="Invalid","Invalid Email Format ","")&IF(H74="","Missing Last_Updated ","")) | P74: =IF(N74="Clean","Clean","Flagged for Review") -> Clean | Q74: =IF(I74="","Blank",IF(ISERROR(FIND("@",I74&"")),"Invalid",IF(FIND("@",I74&"")<2,"Invalid",IF(LEN(I74&"")-FIND("@",I74&"")<4,"Invalid","Valid")))) -> Valid
A75: VND-0689 | B75: Vendor Beta 643 | C75: Marketing | D75: Canada | E75: AMER | F75: Active | G75: 45181 | H75: 45183 | I75: vendor.beta.643@corp.net | J75: ACC-4860 | K75: Oracle | L75: Priya S. | M75: Clean | N75: =IF(OR(B75="",H75="",I75="",J75="",L75="",Q75="Invalid"),"Flagged","Clean") -> Clean | O75: =TRIM(IF(B75="","Missing Vendor_Name ","")&IF(I75="","Missing Contact_Email ","")&IF(J75="","Missing Account_Code ","")&IF(L75="","Missing Verified_By ","")&IF(Q75="Invalid","Invalid Email Format ","")&IF(H75="","Missing Last_Updated ","")) | P75: =IF(N75="Clean","Clean","Flagged for Review") -> Clean | Q75: =IF(I75="","Blank",IF(ISERROR(FIND("@",I75&"")),"Invalid",IF(FIND("@",I75&"")<2,"Invalid",IF(LEN(I75&"")-FIND("@",I75&"")<4,"Invalid","Valid")))) -> Valid
A76: VND-0169 | B76: Vendor Alpha 263 | C76: Logistics | D76: Canada | E76: AMER | F76: Active | G76: 45627 | H76: 45843 | I76: vendor.alpha.263@gmail.com | J76: ACC-5720 | K76: Oracle | L76: Anita M. | M76: Clean | N76: =IF(OR(B76="",H76="",I76="",J76="",L76="",Q76="Invalid"),"Flagged","Clean") -> Clean | O76: =TRIM(IF(B76="","Missing Vendor_Name ","")&IF(I76="","Missing Contact_Email ","")&IF(J76="","Missing Account_Code ","")&IF(L76="","Missing Verified_By ","")&IF(Q76="Invalid","Invalid Email Format ","")&IF(H76="","Missing Last_Updated ","")) | P76: =IF(N76="Clean","Clean","Flagged for Review") -> Clean | Q76: =IF(I76="","Blank",IF(ISERROR(FIND("@",I76&"")),"Invalid",IF(FIND("@",I76&"")<2,"Invalid",IF(LEN(I76&"")-FIND("@",I76&"")<4,"Invalid","Valid")))) -> Valid
A77: VND-0064 | B77: Vendor Epsilon 786 | C77: Finance | D77: USA | E77: AMER | F77: Active | G77: 43935 | H77: 44018 | I77: vendor.epsilon.786@outlook.com | J77: ACC-2771 | K77: SAP | L77: Anita M. | M77: Clean | N77: =IF(OR(B77="",H77="",I77="",J77="",L77="",Q77="Invalid"),"Flagged","Clean") -> Clean | O77: =TRIM(IF(B77="","Missing Vendor_Name ","")&IF(I77="","Missing Contact_Email ","")&IF(J77="","Missing Account_Code ","")&IF(L77="","Missing Verified_By ","")&IF(Q77="Invalid","Invalid Email Format ","")&IF(H77="","Missing Last_Updated ","")) | P77: =IF(N77="Clean","Clean","Flagged for Review") -> Clean | Q77: =IF(I77="","Blank",IF(ISERROR(FIND("@",I77&"")),"Invalid",IF(FIND("@",I77&"")<2,"Invalid",IF(LEN(I77&"")-FIND("@",I77&"")<4,"Invalid","Valid")))) -> Valid
A78: VND-0810 | B78: Vendor Zeta 96 | C78: Logistics | D78: Canada | E78: AMER | F78: Active | G78: 44155 | H78: 44415 | I78: vendor.zeta.96@outlook.com | J78: ACC-4479 | K78: SAP | L78: Sarah L. | M78: Clean | N78: =IF(OR(B78="",H78="",I78="",J78="",L78="",Q78="Invalid"),"Flagged","Clean") -> Clean | O78: =TRIM(IF(B78="","Missing Vendor_Name ","")&IF(I78="","Missing Contact_Email ","")&IF(J78="","Missing Account_Code ","")&IF(L78="","Missing Verified_By ","")&IF(Q78="Invalid","Invalid Email Format ","")&IF(H78="","Missing Last_Updated ","")) | P78: =IF(N78="Clean","Clean","Flagged for Review") -> Clean | Q78: =IF(I78="","Blank",IF(ISERROR(FIND("@",I78&"")),"Invalid",IF(FIND("@",I78&"")<2,"Invalid",IF(LEN(I78&"")-FIND("@",I78&"")<4,"Invalid","Valid")))) -> Valid
A79: VND-0175 | B79: Vendor Gamma 851 | C79: Marketing | D79: Singapore | E79: APAC | F79: Active | G79: 45426 | H79: 45749 | I79: vendor.gamma.851@yahoo.com | J79: ACC-3209 | K79: SAP | M79: Flagged for Review | N79: =IF(OR(B79="",H79="",I79="",J79="",L79="",Q79="Invalid"),"Flagged","Clean") -> Flagged | O79: =TRIM(IF(B79="","Missing Vendor_Name ","")&IF(I79="","Missing Contact_Email ","")&IF(J79="","Missing Account_Code ","")&IF(L79="","Missing Verified_By ","")&IF(Q79="Invalid","Invalid Email Format ","")&IF(H79="","Missing Last_Updated ","")) -> Missing Verified_By | P79: =IF(N79="Clean","Clean","Flagged for Review") -> Flagged for Review | Q79: =IF(I79="","Blank",IF(ISERROR(FIND("@",I79&"")),"Invalid",IF(FIND("@",I79&"")<2,"Invalid",IF(LEN(I79&"")-FIND("@",I79&"")<4,"Invalid","Valid")))) -> Valid
A80: VND-0591 | B80: Vendor Beta 705 | C80: Marketing | D80: Germany | E80: EMEA | F80: Active | G80: 45386 | H80: 45750 | I80: vendor.beta.705@outlook.com | J80: ACC-4014 | K80: Legacy System | L80: James T. | M80: Clean | N80: =IF(OR(B80="",H80="",I80="",J80="",L80="",Q80="Invalid"),"Flagged","Clean") -> Clean | O80: =TRIM(IF(B80="","Missing Vendor_Name ","")&IF(I80="","Missing Contact_Email ","")&IF(J80="","Missing Account_Code ","")&IF(L80="","Missing Verified_By ","")&IF(Q80="Invalid","Invalid Email Format ","")&IF(H80="","Missing Last_Updated ","")) | P80: =IF(N80="Clean","Clean","Flagged for Review") -> Clean | Q80: =IF(I80="","Blank",IF(ISERROR(FIND("@",I80&"")),"Invalid",IF(FIND("@",I80&"")<2,"Invalid",IF(LEN(I80&"")-FIND("@",I80&"")<4,"Invalid","Valid")))) -> Valid
A81: VND-0630 | B81: Vendor Gamma 30 | C81: HR | D81: Singapore | E81: APAC | F81: Active | G81: 45037 | H81: 45064 | I81: vendor.gamma.30@gmail.com | J81: ACC-7987 | K81: Legacy System | L81: Ravi K. | M81: Clean | N81: =IF(OR(B81="",H81="",I81="",J81="",L81="",Q81="Invalid"),"Flagged","Clean") -> Clean | O81: =TRIM(IF(B81="","Missing Vendor_Name ","")&IF(I81="","Missing Contact_Email ","")&IF(J81="","Missing Account_Code ","")&IF(L81="","Missing Verified_By ","")&IF(Q81="Invalid","Invalid Email Format ","")&IF(H81="","Missing Last_Updated ","")) | P81: =IF(N81="Clean","Clean","Flagged for Review") -> Clean | Q81: =IF(I81="","Blank",IF(ISERROR(FIND("@",I81&"")),"Invalid",IF(FIND("@",I81&"")<2,"Invalid",IF(LEN(I81&"")-FIND("@",I81&"")<4,"Invalid","Valid")))) -> Valid
A82: VND-0821 | B82: Vendor Solutions 925 | C82: Finance | D82: Canada | E82: AMER | F82: Active | G82: 45217 | H82: 45368 | I82: vendor.solutions.925@corp.net | J82: ACC-1781 | K82: SAP | L82: Priya S. | M82: Clean | N82: =IF(OR(B82="",H82="",I82="",J82="",L82="",Q82="Invalid"),"Flagged","Clean") -> Clean | O82: =TRIM(IF(B82="","Missing Vendor_Name ","")&IF(I82="","Missing Contact_Email ","")&IF(J82="","Missing Account_Code ","")&IF(L82="","Missing Verified_By ","")&IF(Q82="Invalid","Invalid Email Format ","")&IF(H82="","Missing Last_Updated ","")) | P82: =IF(N82="Clean","Clean","Flagged for Review") -> Clean | Q82: =IF(I82="","Blank",IF(ISERROR(FIND("@",I82&"")),"Invalid",IF(FIND("@",I82&"")<2,"Invalid",IF(LEN(I82&"")-FIND("@",I82&"")<4,"Invalid","Valid")))) -> Valid
A83: VND-0760 | B83: Vendor Tech 639 | C83: IT | D83: Canada | E83: AMER | F83: Active | G83: 45092 | H83: 45847 | I83: vendor.tech.639@vendor.com | J83: ACC-4308 | K83: Manual Entry | M83: Flagged for Review | N83: =IF(OR(B83="",H83="",I83="",J83="",L83="",Q83="Invalid"),"Flagged","Clean") -> Flagged | O83: =TRIM(IF(B83="","Missing Vendor_Name ","")&IF(I83="","Missing Contact_Email ","")&IF(J83="","Missing Account_Code ","")&IF(L83="","Missing Verified_By ","")&IF(Q83="Invalid","Invalid Email Format ","")&IF(H83="","Missing Last_Updated ","")) -> Missing Verified_By | P83: =IF(N83="Clean","Clean","Flagged for Review") -> Flagged for Review | Q83: =IF(I83="","Blank",IF(ISERROR(FIND("@",I83&"")),"Invalid",IF(FIND("@",I83&"")<2,"Invalid",IF(LEN(I83&"")-FIND("@",I83&"")<4,"Invalid","Valid")))) -> Valid
A84: VND-0801 | B84: Vendor Solutions 663 | C84: HR | D84: India | E84: APAC | F84: Active | G84: 44011 | H84: 44176 | I84: vendor.solutions.663@vendor.com | K84: Legacy System | M84: Flagged for Review | N84: =IF(OR(B84="",H84="",I84="",J84="",L84="",Q84="Invalid"),"Flagged","Clean") -> Flagged | O84: =TRIM(IF(B84="","Missing Vendor_Name ","")&IF(I84="","Missing Contact_Email ","")&IF(J84="","Missing Account_Code ","")&IF(L84="","Missing Verified_By ","")&IF(Q84="Invalid","Invalid Email Format ","")&IF(H84="","Missing Last_Updated ","")) -> Missing Account_Code Missing Verified_By | P84: =IF(N84="Clean","Clean","Flagged for Review") -> Flagged for Review | Q84: =IF(I84="","Blank",IF(ISERROR(FIND("@",I84&"")),"Invalid",IF(FIND("@",I84&"")<2,"Invalid",IF(LEN(I84&"")-FIND("@",I84&"")<4,"Invalid","Valid")))) -> Valid
A85: VND-0804 | B85: Vendor Omega 688 | C85: Finance | D85: USA | E85: AMER | F85: Under Review | G85: 43634 | H85: 43931 | I85: vendor.omega.688@yahoo.com | J85: ACC-5264 | K85: Oracle | L85: Sarah L. | M85: Clean | N85: =IF(OR(B85="",H85="",I85="",J85="",L85="",Q85="Invalid"),"Flagged","Clean") -> Clean | O85: =TRIM(IF(B85="","Missing Vendor_Name ","")&IF(I85="","Missing Contact_Email ","")&IF(J85="","Missing Account_Code ","")&IF(L85="","Missing Verified_By ","")&IF(Q85="Invalid","Invalid Email Format ","")&IF(H85="","Missing Last_Updated ","")) | P85: =IF(N85="Clean","Clean","Flagged for Review") -> Clean | Q85: =IF(I85="","Blank",IF(ISERROR(FIND("@",I85&"")),"Invalid",IF(FIND("@",I85&"")<2,"Invalid",IF(LEN(I85&"")-FIND("@",I85&"")<4,"Invalid","Valid")))) -> Valid
A86: VND-0661 | B86: Vendor Group 945 | C86: Operations | D86: USA | E86: AMER | F86: Active | G86: 45063 | H86: 45305 | I86: vendor.group.945@outlook.com | J86: ACC-3378 | K86: Legacy System | L86: Priya S. | M86: Clean | N86: =IF(OR(B86="",H86="",I86="",J86="",L86="",Q86="Invalid"),"Flagged","Clean") -> Clean | O86: =TRIM(IF(B86="","Missing Vendor_Name ","")&IF(I86="","Missing Contact_Email ","")&IF(J86="","Missing Account_Code ","")&IF(L86="","Missing Verified_By ","")&IF(Q86="Invalid","Invalid Email Format ","")&IF(H86="","Missing Last_Updated ","")) | P86: =IF(N86="Clean","Clean","Flagged for Review") -> Clean | Q86: =IF(I86="","Blank",IF(ISERROR(FIND("@",I86&"")),"Invalid",IF(FIND("@",I86&"")<2,"Invalid",IF(LEN(I86&"")-FIND("@",I86&"")<4,"Invalid","Valid")))) -> Valid
A87: VND-0849 | B87: Vendor Omega 63 | C87: HR | D87: Canada | E87: AMER | F87: Active | G87: 44084 | H87: 44378 | I87: vendor.omega.63@gmail.com | J87: ACC-9516 | K87: Manual Entry | L87: James T. | M87: Clean | N87: =IF(OR(B87="",H87="",I87="",J87="",L87="",Q87="Invalid"),"Flagged","Clean") -> Clean | O87: =TRIM(IF(B87="","Missing Vendor_Name ","")&IF(I87="","Missing Contact_Email ","")&IF(J87="","Missing Account_Code ","")&IF(L87="","Missing Verified_By ","")&IF(Q87="Invalid","Invalid Email Format ","")&IF(H87="","Missing Last_Updated ","")) | P87: =IF(N87="Clean","Clean","Flagged for Review") -> Clean | Q87: =IF(I87="","Blank",IF(ISERROR(FIND("@",I87&"")),"Invalid",IF(FIND("@",I87&"")<2,"Invalid",IF(LEN(I87&"")-FIND("@",I87&"")<4,"Invalid","Valid")))) -> Valid
A88: VND-0678 | B88: Vendor Prime 753 | C88: Logistics | D88: USA | E88: AMER | F88: Active | G88: 43569 | H88: 43872 | I88: vendor.prime.753@yahoo.com | J88: ACC-9015 | K88: Legacy System | L88: Priya S. | M88: Clean | N88: =IF(OR(B88="",H88="",I88="",J88="",L88="",Q88="Invalid"),"Flagged","Clean") -> Clean | O88: =TRIM(IF(B88="","Missing Vendor_Name ","")&IF(I88="","Missing Contact_Email ","")&IF(J88="","Missing Account_Code ","")&IF(L88="","Missing Verified_By ","")&IF(Q88="Invalid","Invalid Email Format ","")&IF(H88="","Missing Last_Updated ","")) | P88: =IF(N88="Clean","Clean","Flagged for Review") -> Clean | Q88: =IF(I88="","Blank",IF(ISERROR(FIND("@",I88&"")),"Invalid",IF(FIND("@",I88&"")<2,"Invalid",IF(LEN(I88&"")-FIND("@",I88&"")<4,"Invalid","Valid")))) -> Valid
A89: VND-0015 | B89: Vendor Zeta 501 | C89: IT | D89: India | E89: APAC | F89: Under Review | G89: 44725 | H89: 44847 | I89: vendor.zeta.501@gmail.com | J89: ACC-4946 | K89: SAP | L89: Priya S. | M89: Clean | N89: =IF(OR(B89="",H89="",I89="",J89="",L89="",Q89="Invalid"),"Flagged","Clean") -> Clean | O89: =TRIM(IF(B89="","Missing Vendor_Name ","")&IF(I89="","Missing Contact_Email ","")&IF(J89="","Missing Account_Code ","")&IF(L89="","Missing Verified_By ","")&IF(Q89="Invalid","Invalid Email Format ","")&IF(H89="","Missing Last_Updated ","")) | P89: =IF(N89="Clean","Clean","Flagged for Review") -> Clean | Q89: =IF(I89="","Blank",IF(ISERROR(FIND("@",I89&"")),"Invalid",IF(FIND("@",I89&"")<2,"Invalid",IF(LEN(I89&"")-FIND("@",I89&"")<4,"Invalid","Valid")))) -> Valid
A90: VND-0313 | B90: Vendor Omega 92 | C90: Legal | D90: Canada | E90: AMER | F90: Active | G90: 44749 | H90: 44937 | I90: vendor.omega.92@outlook.com | J90: ACC-3246 | K90: Legacy System | L90: Ravi K. | M90: Clean | N90: =IF(OR(B90="",H90="",I90="",J90="",L90="",Q90="Invalid"),"Flagged","Clean") -> Clean | O90: =TRIM(IF(B90="","Missing Vendor_Name ","")&IF(I90="","Missing Contact_Email ","")&IF(J90="","Missing Account_Code ","")&IF(L90="","Missing Verified_By ","")&IF(Q90="Invalid","Invalid Email Format ","")&IF(H90="","Missing Last_Updated ","")) | P90: =IF(N90="Clean","Clean","Flagged for Review") -> Clean | Q90: =IF(I90="","Blank",IF(ISERROR(FIND("@",I90&"")),"Invalid",IF(FIND("@",I90&"")<2,"Invalid",IF(LEN(I90&"")-FIND("@",I90&"")<4,"Invalid","Valid")))) -> Valid
A91: VND-0087 | B91: Vendor Tech 41 | C91: HR | D91: Singapore | E91: APAC | F91: Active | G91: 44491 | H91: 44504 | I91: vendor.tech.41@gmail.com | J91: ACC-4750 | K91: SAP | M91: Flagged for Review | N91: =IF(OR(B91="",H91="",I91="",J91="",L91="",Q91="Invalid"),"Flagged","Clean") -> Flagged | O91: =TRIM(IF(B91="","Missing Vendor_Name ","")&IF(I91="","Missing Contact_Email ","")&IF(J91="","Missing Account_Code ","")&IF(L91="","Missing Verified_By ","")&IF(Q91="Invalid","Invalid Email Format ","")&IF(H91="","Missing Last_Updated ","")) -> Missing Verified_By | P91: =IF(N91="Clean","Clean","Flagged for Review") -> Flagged for Review | Q91: =IF(I91="","Blank",IF(ISERROR(FIND("@",I91&"")),"Invalid",IF(FIND("@",I91&"")<2,"Invalid",IF(LEN(I91&"")-FIND("@",I91&"")<4,"Invalid","Valid")))) -> Valid
A92: VND-0276 | B92: Vendor Epsilon 753 | C92: Legal | D92: Singapore | E92: APAC | F92: Active | G92: 44458 | H92: 44624 | I92: vendor.epsilon.753@vendor.com | J92: ACC-5592 | K92: Legacy System | L92: Anita M. | M92: Clean | N92: =IF(OR(B92="",H92="",I92="",J92="",L92="",Q92="Invalid"),"Flagged","Clean") -> Clean | O92: =TRIM(IF(B92="","Missing Vendor_Name ","")&IF(I92="","Missing Contact_Email ","")&IF(J92="","Missing Account_Code ","")&IF(L92="","Missing Verified_By ","")&IF(Q92="Invalid","Invalid Email Format ","")&IF(H92="","Missing Last_Updated ","")) | P92: =IF(N92="Clean","Clean","Flagged for Review") -> Clean | Q92: =IF(I92="","Blank",IF(ISERROR(FIND("@",I92&"")),"Invalid",IF(FIND("@",I92&"")<2,"Invalid",IF(LEN(I92&"")-FIND("@",I92&"")<4,"Invalid","Valid")))) -> Valid
A93: VND-0598 | B93: Vendor Prime 93 | C93: Legal | D93: Australia | E93: APAC | F93: Active | G93: 44020 | H93: 44221 | I93: vendor.prime.93@vendor.com | J93: ACC-6299 | K93: Legacy System | L93: Priya S. | M93: Clean | N93: =IF(OR(B93="",H93="",I93="",J93="",L93="",Q93="Invalid"),"Flagged","Clean") -> Clean | O93: =TRIM(IF(B93="","Missing Vendor_Name ","")&IF(I93="","Missing Contact_Email ","")&IF(J93="","Missing Account_Code ","")&IF(L93="","Missing Verified_By ","")&IF(Q93="Invalid","Invalid Email Format ","")&IF(H93="","Missing Last_Updated ","")) | P93: =IF(N93="Clean","Clean","Flagged for Review") -> Clean | Q93: =IF(I93="","Blank",IF(ISERROR(FIND("@",I93&"")),"Invalid",IF(FIND("@",I93&"")<2,"Invalid",IF(LEN(I93&"")-FIND("@",I93&"")<4,"Invalid","Valid")))) -> Valid
A94: VND-0293 | B94: Vendor Omega 434 | C94: Logistics | D94: Germany | E94: EMEA | F94: Active | G94: 44175 | H94: 44459 | I94: vendor.omega.434@yahoo.com | J94: ACC-9022 | K94: Manual Entry | L94: Ravi K. | M94: Clean | N94: =IF(OR(B94="",H94="",I94="",J94="",L94="",Q94="Invalid"),"Flagged","Clean") -> Clean | O94: =TRIM(IF(B94="","Missing Vendor_Name ","")&IF(I94="","Missing Contact_Email ","")&IF(J94="","Missing Account_Code ","")&IF(L94="","Missing Verified_By ","")&IF(Q94="Invalid","Invalid Email Format ","")&IF(H94="","Missing Last_Updated ","")) | P94: =IF(N94="Clean","Clean","Flagged for Review") -> Clean | Q94: =IF(I94="","Blank",IF(ISERROR(FIND("@",I94&"")),"Invalid",IF(FIND("@",I94&"")<2,"Invalid",IF(LEN(I94&"")-FIND("@",I94&"")<4,"Invalid","Valid")))) -> Valid
A95: VND-0211 | B95: Vendor Alpha 452 | C95: Finance | D95: Germany | E95: EMEA | F95: Active | G95: 44301 | H95: 44511 | I95: @gmail.com | J95: ACC-8726 | K95: SAP | M95: Flagged for Review | N95: =IF(OR(B95="",H95="",I95="",J95="",L95="",Q95="Invalid"),"Flagged","Clean") -> Flagged | O95: =TRIM(IF(B95="","Missing Vendor_Name ","")&IF(I95="","Missing Contact_Email ","")&IF(J95="","Missing Account_Code ","")&IF(L95="","Missing Verified_By ","")&IF(Q95="Invalid","Invalid Email Format ","")&IF(H95="","Missing Last_Updated ","")) -> Missing Verified_By Invalid Email Format | P95: =IF(N95="Clean","Clean","Flagged for Review") -> Flagged for Review | Q95: =IF(I95="","Blank",IF(ISERROR(FIND("@",I95&"")),"Invalid",IF(FIND("@",I95&"")<2,"Invalid",IF(LEN(I95&"")-FIND("@",I95&"")<4,"Invalid","Valid")))) -> Invalid
A96: VND-0752 | B96: Vendor Group 370 | C96: Legal | D96: UK | E96: EMEA | F96: Active | G96: 43632 | H96: 43674 | I96: vendor.group.370@outlook.com | J96: ACC-9088 | K96: SAP | L96: James T. | M96: Clean | N96: =IF(OR(B96="",H96="",I96="",J96="",L96="",Q96="Invalid"),"Flagged","Clean") -> Clean | O96: =TRIM(IF(B96="","Missing Vendor_Name ","")&IF(I96="","Missing Contact_Email ","")&IF(J96="","Missing Account_Code ","")&IF(L96="","Missing Verified_By ","")&IF(Q96="Invalid","Invalid Email Format ","")&IF(H96="","Missing Last_Updated ","")) | P96: =IF(N96="Clean","Clean","Flagged for Review") -> Clean | Q96: =IF(I96="","Blank",IF(ISERROR(FIND("@",I96&"")),"Invalid",IF(FIND("@",I96&"")<2,"Invalid",IF(LEN(I96&"")-FIND("@",I96&"")<4,"Invalid","Valid")))) -> Valid
A97: VND-0487 | B97: Vendor Solutions 442 | C97: Operations | D97: Germany | E97: EMEA | F97: Active | G97: 43643 | H97: 44000 | I97: vendor.solutions.442@corp.net | J97: ACC-8028 | K97: Oracle | L97: James T. | M97: Clean | N97: =IF(OR(B97="",H97="",I97="",J97="",L97="",Q97="Invalid"),"Flagged","Clean") -> Clean | O97: =TRIM(IF(B97="","Missing Vendor_Name ","")&IF(I97="","Missing Contact_Email ","")&IF(J97="","Missing Account_Code ","")&IF(L97="","Missing Verified_By ","")&IF(Q97="Invalid","Invalid Email Format ","")&IF(H97="","Missing Last_Updated ","")) | P97: =IF(N97="Clean","Clean","Flagged for Review") -> Clean | Q97: =IF(I97="","Blank",IF(ISERROR(FIND("@",I97&"")),"Invalid",IF(FIND("@",I97&"")<2,"Invalid",IF(LEN(I97&"")-FIND("@",I97&"")<4,"Invalid","Valid")))) -> Valid
A98: VND-0363 | B98: Vendor Epsilon 215 | C98: Logistics | D98: Singapore | E98: APAC | F98: Active | G98: 44517 | H98: 44572 | I98: vendor.epsilon.215@gmail.com | J98: ACC-1788 | K98: Legacy System | L98: James T. | M98: Clean | N98: =IF(OR(B98="",H98="",I98="",J98="",L98="",Q98="Invalid"),"Flagged","Clean") -> Clean | O98: =TRIM(IF(B98="","Missing Vendor_Name ","")&IF(I98="","Missing Contact_Email ","")&IF(J98="","Missing Account_Code ","")&IF(L98="","Missing Verified_By ","")&IF(Q98="Invalid","Invalid Email Format ","")&IF(H98="","Missing Last_Updated ","")) | P98: =IF(N98="Clean","Clean","Flagged for Review") -> Clean | Q98: =IF(I98="","Blank",IF(ISERROR(FIND("@",I98&"")),"Invalid",IF(FIND("@",I98&"")<2,"Invalid",IF(LEN(I98&"")-FIND("@",I98&"")<4,"Invalid","Valid")))) -> Valid
A99: VND-0352 | B99: Vendor Alpha 829 | C99: HR | D99: Australia | E99: APAC | F99: Active | G99: 44419 | H99: 44500 | I99: vendor.alpha.829@gmail.com | J99: ACC-5060 | K99: Oracle | L99: Anita M. | M99: Clean | N99: =IF(OR(B99="",H99="",I99="",J99="",L99="",Q99="Invalid"),"Flagged","Clean") -> Clean | O99: =TRIM(IF(B99="","Missing Vendor_Name ","")&IF(I99="","Missing Contact_Email ","")&IF(J99="","Missing Account_Code ","")&IF(L99="","Missing Verified_By ","")&IF(Q99="Invalid","Invalid Email Format ","")&IF(H99="","Missing Last_Updated ","")) | P99: =IF(N99="Clean","Clean","Flagged for Review") -> Clean | Q99: =IF(I99="","Blank",IF(ISERROR(FIND("@",I99&"")),"Invalid",IF(FIND("@",I99&"")<2,"Invalid",IF(LEN(I99&"")-FIND("@",I99&"")<4,"Invalid","Valid")))) -> Valid
A100: VND-0502 | B100: Vendor Beta 516 | C100: Finance | D100: UK | E100: EMEA | F100: Under Review | G100: 45568 | H100: 45699 | I100: vendor.beta.516@corp.net | J100: ACC-5098 | K100: Legacy System | L100: James T. | M100: Clean | N100: =IF(OR(B100="",H100="",I100="",J100="",L100="",Q100="Invalid"),"Flagged","Clean") -> Clean | O100: =TRIM(IF(B100="","Missing Vendor_Name ","")&IF(I100="","Missing Contact_Email ","")&IF(J100="","Missing Account_Code ","")&IF(L100="","Missing Verified_By ","")&IF(Q100="Invalid","Invalid Email Format ","")&IF(H100="","Missing Last_Updated ","")) | P100: =IF(N100="Clean","Clean","Flagged for Review") -> Clean | Q100: =IF(I100="","Blank",IF(ISERROR(FIND("@",I100&"")),"Invalid",IF(FIND("@",I100&"")<2,"Invalid",IF(LEN(I100&"")-FIND("@",I100&"")<4,"Invalid","Valid")))) -> Valid
...

Sheet reference_data
A1: Valid_Category | B1: Valid_Status | C1: Country | D1: Expected_Region | E1: Data_Source
A2: IT | B2: Active | C2: India | D2: APAC | E2: Legacy System
A3: Logistics | B3: Inactive | C3: Singapore | D3: APAC | E3: Manual Entry
A4: Finance | B4: Under Review | C4: Australia | D4: APAC | E4: Oracle
A5: HR | C5: USA | D5: AMER | E5: SAP
A6: Operations | C6: Canada | D6: AMER
A7: Legal | C7: UK | D7: EMEA
A8: Marketing | C8: Germany | D8: EMEA

Sheet issue_log
A1: Issue_ID | B1: Vendor_ID | C1: Row_Number | D1: Issue_Type | E1: Count | H1: Issue_Type | I1: Count
D2: Duplicate Vendor_ID | E2: 97 | H2: Duplicate Vendor_ID | I2: =SUMPRODUCT((COUNTIF(validated_data!$A$2:$A$951,validated_data!$A$2:$A$951)>1)*1) -> 0
D3: Missing Vendor_Name | E3: 20 | H3: Missing Vendor_Name | I3: =COUNTBLANK(validated_data!$B$2:$B$951) -> 17
D4: Spaces in Vendor_Name | E4: 19 | H4: Spaces in Vendor_Name | I4: =SUMPRODUCT((LEN(validated_data!$B$2:$B$951)<>LEN(TRIM(validated_data!$B$2:$B$951)))*(validated_data!$B$2:$B$951<>"")) -> 0
D5: Invalid Category | E5: 25 | H5: Invalid Category | I5: 0
D6: Invalid Status | E6: 17 | H6: Invalid Status | I6: 0
D7: Missing Contact_Email | E7: 15 | H7: Missing Contact_Email | I7: =COUNTBLANK(validated_data!$I$2:$I$951) -> 15
D8: Invalid Email Format | E8: 18 | H8: Invalid Email Format | I8: =COUNTIF(validated_data!$Q$2:$Q$951,"Invalid") -> 16
D9: Missing Account_Code | E9: 20 | H9: Missing Account_Code | I9: =COUNTBLANK(validated_data!$J$2:$J$951) -> 17
D10: Missing Region | E10: 10 | H10: Missing Region | I10: =COUNTBLANK(validated_data!$E$2:$E$951) -> 0
D11: Region Mismatch | E11: 15 | H11: Region Mismatch | I11: 0
D12: Missing Last_Updated | E12: 10 | H12: Missing Last_Updated | I12: =COUNTBLANK(validated_data!$H$2:$H$951) -> 9
D13: Missing Verified_by | E13: 179 | H13: Missing Verified_by | I13: =COUNTBLANK(validated_data!$L$2:$L$951) -> 179
D14: Total Issues | E14: =SUM(E2:E13) -> 445 | H14: Total Issues | I14: =SUM(I2:I13) -> 253

Sheet Cleaned_Data
A1: Vendor_ID | B1: Vendor_Name | C1: Category | D1: Country | E1: Region | F1: Status | G1: Onboarding_Date | H1: Last_Updated | I1: Contact_Email | J1: Account_Code | K1: Data_Source | L1: Verified_By | M1: Record_Status
A2: VND-0789 | B2: Vendor Zeta 901 | C2: Marketing | D2: Canada | E2: AMER | F2: Active | G2: 43604 | H2: 43744 | I2: vendor.zeta.901@gmail.com | J2: ACC-9055 | K2: Legacy System | M2: Flagged for Review
A3: VND-0441 | B3: Vendor Epsilon 150 | C3: Marketing | D3: India | E3: APAC | F3: Active | G3: 44674 | H3: 44778 | I3: vendor.epsilon.150@corp.net | J3: ACC-1529 | K3: Manual Entry | L3: James T. | M3: Clean
A4: VND-0140 | B4: Vendor Omega 114 | C4: Finance | D4: Singapore | E4: APAC | F4: Active | G4: 45459 | H4: 45728 | I4: vendor.omega.114@outlook.com | J4: ACC-1744 | K4: Oracle | L4: James T. | M4: Clean
A5: VND-0696 | B5: Vendor Prime 56 | C5: HR | D5: USA | E5: AMER | F5: Active | G5: 45329 | H5: 45420 | I5: vendor.prime.56@vendor.com | J5: ACC-7119 | K5: Oracle | L5: James T. | M5: Clean
A6: VND-0067 | B6: Vendor Zeta 71 | C6: Operations | D6: Singapore | E6: APAC | F6: Active | G6: 45186 | H6: 45436 | I6: vendor.zeta.71@gmail.com | J6: ACC-8102 | K6: Manual Entry | M6: Flagged for Review
A7: VND-0853 | B7: Vendor Beta 524 | C7: Operations | D7: UK | E7: EMEA | F7: Active | G7: 44121 | H7: 44132 | I7: vendor.beta.524@gmail.com | J7: ACC-9846 | K7: Manual Entry | L7: Ravi K. | M7: Clean
A8: VND-0406 | B8: Vendor Services 899 | C8: Finance | D8: UK | E8: EMEA | F8: Active | G8: 45037 | H8: 45294 | I8: vendor.services.899@corp.net | J8: ACC-6015 | K8: Oracle | L8: Priya S. | M8: Clean
A9: VND-0737 | B9: Vendor Omega 652 | C9: Finance | D9: India | E9: APAC | F9: Active | G9: 45635 | H9: 45962 | I9: vendor.omega.652@gmail.com | J9: ACC-9419 | K9: Oracle | M9: Flagged for Review
A10: VND-0458 | B10: Vendor Corp 75 | C10: Finance | D10: Australia | E10: APAC | F10: Active | G10: 44700 | H10: 45010 | I10: vendor.corp.75@gmail.com | J10: ACC-5612 | K10: Legacy System | L10: James T. | M10: Clean
A11: VND-0308 | B11: Vendor Ltd 699 | C11: Marketing | D11: India | E11: APAC | F11: Active | G11: 45348 | H11: 45356 | I11: vendor.ltd.699@gmail.com | J11: ACC-3588 | K11: Legacy System | L11: James T. | M11: Clean
A12: VND-0440 | B12: Vendor Global 110 | C12: IT | D12: Germany | E12: EMEA | F12: Active | G12: 43697 | H12: 43799 | I12: vendor.global.110@outlook.com | J12: ACC-3636 | K12: Manual Entry | M12: Flagged for Review
A13: VND-0068 | B13: Vendor Ltd 849 | C13: IT | D13: Singapore | E13: APAC | F13: Active | G13: 44187 | H13: 44454 | I13: vendor.ltd.849@outlook.com | J13: ACC-9817 | K13: Legacy System | L13: James T. | M13: Clean
A14: VND-0651 | B14: Vendor Tech 494 | C14: Legal | D14: India | E14: APAC | F14: Active | G14: 45622 | H14: 45765 | I14: vendor.tech.494@vendor.com | J14: ACC-9469 | K14: SAP | L14: Sarah L. | M14: Clean
A15: VND-0874 | B15: Vendor Corp 541 | C15: Finance | D15: Germany | E15: EMEA | F15: Active | G15: 43935 | H15: 43985 | I15: vendor.corp.541@corp.net | J15: ACC-3755 | K15: Manual Entry | L15: Ravi K. | M15: Clean
A16: VND-0491 | B16: Vendor Gamma 437 | C16: Legal | D16: Australia | E16: APAC | F16: Active | G16: 45200 | H16: 45489 | I16: vendor.gamma.437@outlook.com | J16: ACC-5514 | K16: Legacy System | L16: Ravi K. | M16: Clean
A17: VND-0943 | B17: Vendor Alpha 246 | C17: Marketing | D17: USA | E17: AMER | F17: Active | G17: 44661 | H17: 45002 | I17: vendor.alpha.246@gmail.com | J17: ACC-4559 | K17: Legacy System | L17: James T. | M17: Clean
A18: VND-0077 | B18: Vendor Epsilon 15 | C18: Legal | D18: Australia | E18: APAC | F18: Active | G18: 43652 | H18: 43679 | I18: vendor.epsilon.15@corp.net | J18: ACC-5786 | K18: Oracle | M18: Flagged for Review
A19: VND-0434 | B19: Vendor Alpha 544 | C19: Legal | D19: India | E19: APAC | F19: Active | G19: 45238 | H19: 45537 | I19: vendor.alpha.544@vendor.com | J19: ACC-9328 | K19: Oracle | M19: Flagged for Review
A20: VND-0533 | B20: Vendor Zeta 194 | C20: HR | D20: Australia | E20: APAC | F20: Active | G20: 44489 | H20: 44572 | I20: vendor.zeta.194@vendor.com | J20: ACC-7199 | K20: Oracle | L20: Anita M. | M20: Clean
A21: VND-0875 | B21: Vendor Gamma 262 | C21: Marketing | D21: India | E21: APAC | F21: Active | G21: 45134 | H21: 45481 | I21: vendor.gamma.262@yahoo.com | J21: ACC-1965 | K21: Manual Entry | L21: Ravi K. | M21: Clean
A22: VND-0724 | B22: Vendor Solutions 565 | C22: IT | D22: UK | E22: EMEA | F22: Active | G22: 44368 | H22: 44596 | I22: vendor.solutions.565@outlook.com | J22: ACC-2515 | K22: Manual Entry | L22: Priya S. | M22: Clean
A23: VND-0667 | B23: Vendor Solutions 125 | C23: Legal | D23: India | E23: APAC | F23: Active | G23: 43998 | H23: 44190 | I23: vendor.solutions.125@corp.net | J23: ACC-4027 | K23: SAP | M23: Flagged for Review
A24: VND-0602 | B24: Vendor Group 730 | C24: IT | D24: Germany | E24: EMEA | F24: Active | G24: 44270 | H24: 45440 | I24: vendor.group.730@yahoo.com | J24: ACC-2926 | K24: Oracle | L24: Ravi K. | M24: Clean
A25: VND-0704 | B25: Vendor Solutions 93 | C25: IT | D25: Germany | E25: EMEA | F25: Active | G25: 44128 | H25: 44488 | I25: vendor.solutions.93@vendor.com | J25: ACC-1399 | K25: Legacy System | L25: James T. | M25: Clean
A26: VND-0866 | B26: Vendor Corp 758 | C26: HR | D26: India | E26: APAC | F26: Active | G26: 44894 | H26: 44928 | I26: vendor.corp.758@gmail.com | J26: ACC-7841 | K26: Legacy System | L26: Sarah L. | M26: Clean
A27: VND-0912 | B27: Vendor Tech 935 | C27: Marketing | D27: UK | E27: EMEA | F27: Active | G27: 43587 | H27: 43688 | I27: vendor.tech.935@yahoo.com | J27: ACC-5654 | K27: Oracle | L27: Ravi K. | M27: Clean
A28: VND-0360 | B28: Vendor Solutions 604 | C28: Marketing | D28: USA | E28: AMER | F28: Active | G28: 44672 | H28: 44737 | I28: vendor.solutions.604@yahoo.com | J28: ACC-1029 | K28: Legacy System | L28: Sarah L. | M28: Clean
A29: VND-0315 | B29: Vendor Delta 644 | C29: Legal | D29: USA | E29: AMER | F29: Under Review | G29: 45278 | H29: 45389 | I29: vendor.delta.644@gmail.com | J29: ACC-2646 | K29: Oracle | L29: Priya S. | M29: Clean
A30: VND-0763 | B30: Vendor Omega 138 | C30: Finance | D30: Singapore | E30: APAC | F30: Active | G30: 43914 | H30: 44205 | I30: vendor.omega.138@vendor.com | J30: ACC-9837 | K30: Legacy System | L30: James T. | M30: Clean
A31: VND-0862 | B31: Vendor Prime 133 | C31: Legal | D31: Australia | E31: APAC | F31: Inactive | G31: 43949 | H31: 44304 | I31: vendor.prime.133@yahoo.com | J31: ACC-8461 | K31: Legacy System | L31: Priya S. | M31: Clean
A32: VND-0024 | B32: Vendor Ltd 772 | C32: Marketing | D32: USA | E32: AMER | F32: Active | G32: 45455 | H32: 45701 | I32: vendor.ltd.772@yahoo.com | J32: ACC-7570 | K32: SAP | L32: Ravi K. | M32: Clean
A33: VND-0031 | B33: Vendor Delta 519 | C33: Finance | D33: USA | E33: AMER | F33: Under Review | G33: 43747 | H33: 43872 | I33: vendor.delta.519@outlook.com | J33: ACC-5669 | K33: Oracle | L33: James T. | M33: Clean
A34: VND-0539 | B34: Vendor Alpha 273 | C34: Marketing | D34: Germany | E34: EMEA | F34: Active | G34: 45391 | H34: 45483 | I34: vendor.alpha.273@yahoo.com | J34: ACC-5097 | K34: Legacy System | L34: Priya S. | M34: Clean
A35: VND-0534 | B35: Vendor Beta 433 | C35: Legal | D35: USA | E35: AMER | F35: Active | G35: 44579 | H35: 44724 | I35: noatsign.com | J35: ACC-5404 | K35: Legacy System | L35: Ravi K. | M35: Flagged for Review
A36: VND-0219 | B36: Vendor Solutions 790 | C36: Logistics | D36: India | E36: APAC | F36: Under Review | G36: 44112 | H36: 44320 | J36: ACC-8822 | K36: Oracle | L36: Anita M. | M36: Flagged for Review
A37: VND-0443 | B37: Vendor Group 816 | C37: Marketing | D37: Singapore | E37: APAC | F37: Active | G37: 43658 | H37: 43853 | I37: vendor.group.816@vendor.com | J37: ACC-7825 | K37: Manual Entry | L37: Sarah L. | M37: Clean
A38: VND-0089 | B38: Vendor Tech 447 | C38: Legal | D38: Canada | E38: AMER | F38: Active | G38: 43839 | H38: 44079 | I38: vendor.tech.447@outlook.com | J38: ACC-7690 | K38: Manual Entry | L38: Anita M. | M38: Clean
A39: VND-0319 | B39: Vendor Solutions 609 | C39: IT | D39: Australia | E39: APAC | F39: Inactive | G39: 43515 | H39: 43699 | I39: vendor.solutions.609@outlook.com | J39: ACC-3162 | K39: Legacy System | L39: Sarah L. | M39: Clean
A40: VND-0540 | B40: Vendor Beta 998 | C40: Marketing | D40: Singapore | E40: APAC | F40: Active | G40: 45280 | H40: 45406 | I40: vendor.beta.998@gmail.com | J40: ACC-4263 | K40: Legacy System | M40: Flagged for Review
A41: VND-0709 | B41: Vendor Zeta 245 | C41: Operations | D41: India | E41: APAC | F41: Active | G41: 44325 | H41: 44440 | I41: vendor.zeta.245@outlook.com | J41: ACC-6778 | K41: Manual Entry | L41: Sarah L. | M41: Clean
A42: VND-0589 | B42: Vendor Prime 764 | C42: Marketing | D42: Singapore | E42: APAC | F42: Under Review | G42: 44587 | H42: 44664 | I42: vendor.prime.764@yahoo.com | J42: ACC-2749 | K42: Oracle | L42: Ravi K. | M42: Clean
A43: VND-0842 | B43: Vendor Corp 774 | C43: IT | D43: India | E43: APAC | F43: Inactive | G43: 43883 | H43: 44170 | I43: vendor.corp.774@gmail.com | J43: ACC-9311 | K43: SAP | L43: Ravi K. | M43: Clean
A44: VND-0545 | B44: Vendor Delta 162 | C44: HR | D44: India | E44: APAC | F44: Active | G44: 44852 | H44: 45172 | I44: vendor.delta.162@gmail.com | J44: ACC-1979 | K44: Manual Entry | M44: Flagged for Review
A45: VND-0216 | B45: Vendor Group 824 | C45: Logistics | D45: UK | E45: EMEA | F45: Active | G45: 43789 | H45: 43966 | I45: vendor.group.824@vendor.com | J45: ACC-5201 | K45: Legacy System | L45: Ravi K. | M45: Clean
A46: VND-0108 | B46: Vendor Omega 707 | C46: Finance | D46: Germany | E46: EMEA | F46: Inactive | G46: 44281 | H46: 44477 | I46: vendor.omega.707@vendor.com | J46: ACC-2747 | K46: Oracle | L46: James T. | M46: Clean
A47: VND-0775 | B47: Vendor Solutions 721 | C47: Operations | D47: Canada | E47: AMER | F47: Active | G47: 45510 | H47: 45619 | I47: vendor.solutions.721@vendor.com | J47: ACC-5389 | K47: Legacy System | L47: Sarah L. | M47: Clean
A48: VND-0446 | B48: Vendor Alpha 439 | C48: Finance | D48: Australia | E48: APAC | F48: Active | G48: 44125 | H48: 44424 | I48: vendor.alpha.439@outlook.com | J48: ACC-1092 | K48: Manual Entry | L48: James T. | M48: Clean
A49: VND-0281 | B49: Vendor Solutions 681 | C49: Finance | D49: USA | E49: AMER | F49: Active | G49: 43647 | H49: 43935 | I49: vendor.solutions.681@vendor.com | J49: ACC-6432 | K49: Legacy System | L49: Priya S. | M49: Clean
A50: VND-0372 | B50: Vendor Global 397 | C50: Logistics | D50: UK | E50: EMEA | F50: Inactive | G50: 44979 | H50: 45074 | I50: vendor.global.397@vendor.com | J50: ACC-1731 | K50: Manual Entry | L50: James T. | M50: Clean
A51: VND-0328 | B51: Vendor Global 369 | C51: IT | D51: Germany | E51: EMEA | F51: Inactive | G51: 44149 | H51: 44337 | I51: vendor.global.369@yahoo.com | J51: ACC-5179 | K51: SAP | L51: Sarah L. | M51: Clean
A52: VND-0232 | B52: Vendor Prime 829 | C52: IT | D52: Germany | E52: EMEA | F52: Active | G52: 45167 | H52: 45400 | I52: vendor.prime.829@corp.net | J52: ACC-1945 | K52: Legacy System | M52: Flagged for Review
A53: VND-0693 | B53: Vendor Alpha 948 | C53: Operations | D53: USA | E53: AMER | F53: Active | G53: 43585 | H53: 43833 | I53: vendor.alpha.948@corp.net | J53: ACC-2901 | K53: SAP | L53: Ravi K. | M53: Clean
A54: VND-0040 | B54: Vendor Corp 482 | C54: Logistics | D54: USA | E54: AMER | F54: Inactive | G54: 45351 | H54: 45530 | I54: vendor.corp.482@outlook.com | J54: ACC-4728 | K54: Oracle | L54: Priya S. | M54: Clean
A55: VND-0755 | B55: Vendor Prime 536 | C55: Legal | D55: Singapore | E55: APAC | F55: Active | G55: 44053 | H55: 44255 | I55: vendor.prime.536@vendor.com | J55: ACC-2666 | K55: Oracle | L55: Priya S. | M55: Clean
A56: VND-0311 | B56: Vendor Solutions 94 | C56: Legal | D56: India | E56: APAC | F56: Active | G56: 45419 | H56: 45458 | I56: vendor.solutions.94@yahoo.com | J56: ACC-4705 | K56: Legacy System | L56: Priya S. | M56: Clean
A57: VND-0262 | B57: Vendor Ltd 44 | C57: Logistics | D57: USA | E57: AMER | F57: Under Review | G57: 45413 | H57: 45551 | I57: vendor.ltd.44@gmail.com | J57: ACC-2218 | K57: Manual Entry | L57: Sarah L. | M57: Clean
A58: VND-0592 | B58: Vendor Prime 141 | C58: Logistics | D58: USA | E58: AMER | F58: Active | G58: 45139 | H58: 45146 | I58: vendor.prime.141@outlook.com | J58: ACC-7767 | K58: Oracle | M58: Flagged for Review
A59: VND-0060 | B59: Vendor Tech 578 | C59: Legal | D59: India | E59: APAC | F59: Active | G59: 45221 | H59: 45290 | I59: vendor.tech.578@vendor.com | J59: ACC-3977 | K59: SAP | L59: Anita M. | M59: Clean
A60: VND-0568 | B60: Vendor Epsilon 537 | C60: IT | D60: UK | E60: EMEA | F60: Active | G60: 44078 | H60: 44245 | I60: vendor.epsilon.537@corp.net | J60: ACC-4617 | K60: Oracle | L60: Priya S. | M60: Clean
A61: VND-0137 | B61: Vendor Services 649 | C61: IT | D61: India | E61: APAC | F61: Inactive | G61: 44347 | H61: 44539 | I61: vendor.services.649@vendor.com | J61: ACC-8432 | K61: Manual Entry | L61: Ravi K. | M61: Clean
A62: VND-0097 | B62: Vendor Epsilon 841 | C62: IT | D62: UK | E62: EMEA | F62: Inactive | G62: 45471 | H62: 45547 | I62: vendor.epsilon.841@vendor.com | J62: ACC-9824 | K62: Legacy System | L62: Anita M. | M62: Clean
A63: VND-0297 | B63: Vendor Group 469 | C63: Operations | D63: Singapore | E63: APAC | F63: Inactive | G63: 45494 | H63: 45775 | I63: vendor.group.469@corp.net | J63: ACC-2854 | K63: SAP | L63: Anita M. | M63: Clean
A64: VND-0920 | B64: Vendor Prime 184 | C64: Finance | D64: Singapore | E64: APAC | F64: Active | G64: 45445 | H64: 45698 | I64: vendor.prime.184@vendor.com | J64: ACC-5396 | K64: Legacy System | M64: Flagged for Review
A65: VND-0433 | B65: Vendor Corp 689 | C65: Operations | D65: India | E65: APAC | F65: Inactive | G65: 45311 | H65: 45545 | I65: vendor.corp.689@corp.net | K65: Oracle | L65: James T. | M65: Flagged for Review
A66: VND-0260 | B66: Vendor Corp 869 | C66: IT | D66: Singapore | E66: APAC | F66: Under Review | G66: 43595 | H66: 43642 | I66: vendor.corp.869@vendor.com | J66: ACC-7213 | K66: Legacy System | L66: Sarah L. | M66: Clean
A67: VND-0759 | B67: Vendor Beta 756 | C67: IT | D67: Canada | E67: AMER | F67: Active | G67: 43575 | H67: 43666 | I67: vendor.beta.756@vendor.com | J67: ACC-6356 | K67: Oracle | L67: Anita M. | M67: Clean
A68: VND-0786 | B68: Vendor Prime 733 | C68: Finance | D68: Canada | E68: AMER | F68: Under Review | G68: 43608 | H68: 43947 | I68: vendor.prime.733@gmail.com | J68: ACC-4926 | K68: Manual Entry | L68: Sarah L. | M68: Clean
A69: VND-0071 | B69: Vendor Group 265 | C69: Finance | D69: UK | E69: EMEA | F69: Inactive | G69: 44597 | H69: 44881 | I69: vendor.group.265@gmail.com | J69: ACC-9464 | K69: Oracle | L69: Priya S. | M69: Clean
A70: VND-0722 | B70: Vendor Gamma 5 | C70: Legal | D70: Australia | E70: APAC | F70: Under Review | G70: 45092 | H70: 45153 | I70: vendor.gamma.5@outlook.com | J70: ACC-8764 | K70: Manual Entry | L70: Sarah L. | M70: Clean
A71: VND-0310 | B71: Vendor Solutions 370 | C71: Finance | D71: India | E71: APAC | F71: Active | G71: 44143 | H71: 44169 | I71: vendor.solutions.370@vendor.com | J71: ACC-6005 | K71: Oracle | L71: James T. | M71: Clean
A72: VND-0586 | B72: Vendor Ltd 620 | C72: Finance | D72: Germany | E72: EMEA | F72: Active | G72: 44312 | H72: 44646 | I72: vendor.ltd.620@yahoo.com | J72: ACC-9869 | K72: Oracle | L72: Ravi K. | M72: Clean
A73: VND-0278 | B73: Vendor Delta 449 | C73: Marketing | D73: UK | E73: EMEA | F73: Inactive | G73: 43749 | H73: 43958 | I73: vendor.delta.449@vendor.com | J73: ACC-3280 | K73: Manual Entry | L73: Ravi K. | M73: Clean
A74: VND-0685 | B74: Vendor Beta 281 | C74: Logistics | D74: Canada | E74: AMER | F74: Active | G74: 44981 | H74: 45264 | I74: vendor.beta.281@yahoo.com | J74: ACC-8187 | K74: Oracle | L74: Sarah L. | M74: Clean
A75: VND-0689 | B75: Vendor Beta 643 | C75: Marketing | D75: Canada | E75: AMER | F75: Active | G75: 45181 | H75: 45183 | I75: vendor.beta.643@corp.net | J75: ACC-4860 | K75: Oracle | L75: Priya S. | M75: Clean
A76: VND-0169 | B76: Vendor Alpha 263 | C76: Logistics | D76: Canada | E76: AMER | F76: Active | G76: 45627 | H76: 45843 | I76: vendor.alpha.263@gmail.com | J76: ACC-5720 | K76: Oracle | L76: Anita M. | M76: Clean
A77: VND-0064 | B77: Vendor Epsilon 786 | C77: Finance | D77: USA | E77: AMER | F77: Active | G77: 43935 | H77: 44018 | I77: vendor.epsilon.786@outlook.com | J77: ACC-2771 | K77: SAP | L77: Anita M. | M77: Clean
A78: VND-0810 | B78: Vendor Zeta 96 | C78: Logistics | D78: Canada | E78: AMER | F78: Active | G78: 44155 | H78: 44415 | I78: vendor.zeta.96@outlook.com | J78: ACC-4479 | K78: SAP | L78: Sarah L. | M78: Clean
A79: VND-0175 | B79: Vendor Gamma 851 | C79: Marketing | D79: Singapore | E79: APAC | F79: Active | G79: 45426 | H79: 45749 | I79: vendor.gamma.851@yahoo.com | J79: ACC-3209 | K79: SAP | M79: Flagged for Review
A80: VND-0591 | B80: Vendor Beta 705 | C80: Marketing | D80: Germany | E80: EMEA | F80: Active | G80: 45386 | H80: 45750 | I80: vendor.beta.705@outlook.com | J80: ACC-4014 | K80: Legacy System | L80: James T. | M80: Clean
A81: VND-0630 | B81: Vendor Gamma 30 | C81: HR | D81: Singapore | E81: APAC | F81: Active | G81: 45037 | H81: 45064 | I81: vendor.gamma.30@gmail.com | J81: ACC-7987 | K81: Legacy System | L81: Ravi K. | M81: Clean
A82: VND-0821 | B82: Vendor Solutions 925 | C82: Finance | D82: Canada | E82: AMER | F82: Active | G82: 45217 | H82: 45368 | I82: vendor.solutions.925@corp.net | J82: ACC-1781 | K82: SAP | L82: Priya S. | M82: Clean
A83: VND-0760 | B83: Vendor Tech 639 | C83: IT | D83: Canada | E83: AMER | F83: Active | G83: 45092 | H83: 45847 | I83: vendor.tech.639@vendor.com | J83: ACC-4308 | K83: Manual Entry | M83: Flagged for Review
A84: VND-0801 | B84: Vendor Solutions 663 | C84: HR | D84: India | E84: APAC | F84: Active | G84: 44011 | H84: 44176 | I84: vendor.solutions.663@vendor.com | K84: Legacy System | M84: Flagged for Review
A85: VND-0804 | B85: Vendor Omega 688 | C85: Finance | D85: USA | E85: AMER | F85: Under Review | G85: 43634 | H85: 43931 | I85: vendor.omega.688@yahoo.com | J85: ACC-5264 | K85: Oracle | L85: Sarah L. | M85: Clean
A86: VND-0661 | B86: Vendor Group 945 | C86: Operations | D86: USA | E86: AMER | F86: Active | G86: 45063 | H86: 45305 | I86: vendor.group.945@outlook.com | J86: ACC-3378 | K86: Legacy System | L86: Priya S. | M86: Clean
A87: VND-0849 | B87: Vendor Omega 63 | C87: HR | D87: Canada | E87: AMER | F87: Active | G87: 44084 | H87: 44378 | I87: vendor.omega.63@gmail.com | J87: ACC-9516 | K87: Manual Entry | L87: James T. | M87: Clean
A88: VND-0678 | B88: Vendor Prime 753 | C88: Logistics | D88: USA | E88: AMER | F88: Active | G88: 43569 | H88: 43872 | I88: vendor.prime.753@yahoo.com | J88: ACC-9015 | K88: Legacy System | L88: Priya S. | M88: Clean
A89: VND-0015 | B89: Vendor Zeta 501 | C89: IT | D89: India | E89: APAC | F89: Under Review | G89: 44725 | H89: 44847 | I89: vendor.zeta.501@gmail.com | J89: ACC-4946 | K89: SAP | L89: Priya S. | M89: Clean
A90: VND-0313 | B90: Vendor Omega 92 | C90: Legal | D90: Canada | E90: AMER | F90: Active | G90: 44749 | H90: 44937 | I90: vendor.omega.92@outlook.com | J90: ACC-3246 | K90: Legacy System | L90: Ravi K. | M90: Clean
A91: VND-0087 | B91: Vendor Tech 41 | C91: HR | D91: Singapore | E91: APAC | F91: Active | G91: 44491 | H91: 44504 | I91: vendor.tech.41@gmail.com | J91: ACC-4750 | K91: SAP | M91: Flagged for Review
A92: VND-0276 | B92: Vendor Epsilon 753 | C92: Legal | D92: Singapore | E92: APAC | F92: Active | G92: 44458 | H92: 44624 | I92: vendor.epsilon.753@vendor.com | J92: ACC-5592 | K92: Legacy System | L92: Anita M. | M92: Clean
A93: VND-0598 | B93: Vendor Prime 93 | C93: Legal | D93: Australia | E93: APAC | F93: Active | G93: 44020 | H93: 44221 | I93: vendor.prime.93@vendor.com | J93: ACC-6299 | K93: Legacy System | L93: Priya S. | M93: Clean
A94: VND-0293 | B94: Vendor Omega 434 | C94: Logistics | D94: Germany | E94: EMEA | F94: Active | G94: 44175 | H94: 44459 | I94: vendor.omega.434@yahoo.com | J94: ACC-9022 | K94: Manual Entry | L94: Ravi K. | M94: Clean
A95: VND-0211 | B95: Vendor Alpha 452 | C95: Finance | D95: Germany | E95: EMEA | F95: Active | G95: 44301 | H95: 44511 | I95: @gmail.com | J95: ACC-8726 | K95: SAP | M95: Flagged for Review
A96: VND-0752 | B96: Vendor Group 370 | C96: Legal | D96: UK | E96: EMEA | F96: Active | G96: 43632 | H96: 43674 | I96: vendor.group.370@outlook.com | J96: ACC-9088 | K96: SAP | L96: James T. | M96: Clean
A97: VND-0487 | B97: Vendor Solutions 442 | C97: Operations | D97: Germany | E97: EMEA | F97: Active | G97: 43643 | H97: 44000 | I97: vendor.solutions.442@corp.net | J97: ACC-8028 | K97: Oracle | L97: James T. | M97: Clean
A98: VND-0363 | B98: Vendor Epsilon 215 | C98: Logistics | D98: Singapore | E98: APAC | F98: Active | G98: 44517 | H98: 44572 | I98: vendor.epsilon.215@gmail.com | J98: ACC-1788 | K98: Legacy System | L98: James T. | M98: Clean
A99: VND-0352 | B99: Vendor Alpha 829 | C99: HR | D99: Australia | E99: APAC | F99: Active | G99: 44419 | H99: 44500 | I99: vendor.alpha.829@gmail.com | J99: ACC-5060 | K99: Oracle | L99: Anita M. | M99: Clean
A100: VND-0502 | B100: Vendor Beta 516 | C100: Finance | D100: UK | E100: EMEA | F100: Under Review | G100: 45568 | H100: 45699 | I100: vendor.beta.516@corp.net | J100: ACC-5098 | K100: Legacy System | L100: James T. | M100: Clean
...

Sheet summary_dashboard
B2: Vendor Master Data - Quality Validation Report
B3: Validated by: Sushma Date: 01/06/2026
B4: Dataset: Vendor Master Data — 1000 Records
B5: Total Records Received | D5: Final Clean Records | F5: Total Issues Found | H5: Data Quality Score
B6: 1000 | D6: 715 | F6: 445 | H6: 0.753
B7: Issue Summary
B8: Issue Type | C8: Count | D8: Status
B9: Duplicate Vendor_ID | C9: 97 | D9: Resolved
B10: Missing Vendor_Name | C10: 20 | D10: Pending
B11: Spaces in Vendor_Name | C11: 19 | D11: Resolved
B12: Invalid Category | C12: 25 | D12: Resolved
B13: Invalid Status | C13: 17 | D13: Resolved
B14: Missing Contact_Email | C14: 15 | D14: Pending
B15: Invalid Email Format | C15: 18 | D15: Pending
B16: Missing Account_Code | C16: 20 | D16: Pending
B17: Missing Region | C17: 10 | D17: Resolved
B18: Region Mismatch | C18: 15 | D18: Resolved
B19: Missing Last_Updated | C19: 10 | D19: Pending
B20: Missing Verified_by | C20: 179 | D20: Pending
B21: Total Issues | C21: =SUM(C9:C20) -> 445
B22: Recommended Action
B23: Action Required | D23: Priority
B24: Obtain missing vendor names from business | D24: High
B25: Verify and update missing contact emails | D25: High
B26: Assign verifiers to 179 unverified records | D26: Medium
B27: Obtain missing account codes | D27: Medium
B28: Update Last_Updated for inactive records | D28: Low
B54: Recommended Actions
B55: Issues Resolved by Analyst | C55: 192
B56: Pending Business Input | C56: 253
B57: Total Records | C57: 950
B58: Clean Records | C58: 715
B59: Flagged Records | C59: 235
B60: Data Quality Improvement | C60: 0.43
